SVIGroup,week,Hospitalized,pop2019,mean_mobRatioOut_std,mean_mobRatioOut_std_lag1,mean_mobRatioOut_std_lag2,mean_mobRatioOut_std_lag3,mean_mobRatioOut_std_lag4,mean_mobRatioIntra_std,mean_mobRatioIntra_std_lag1,mean_mobRatioIntra_std_lag2,mean_mobRatioIntra_std_lag3,mean_mobRatioIntra_std_lag4,hosps_transformed
1,1,42,1002456,-1.899009374372796,-1.322865527589596,-1.0589889755598092,-0.22793718472892807,0.05544268699153129,-1.8955147638136325,1.3295042501455427,-1.026659257339089,1.5823921366002704,-0.48197816708107577,3.7612001156935624
1,2,26,1002456,-1.8470266953254697,-1.899009374372796,-0.8933684346907946,-0.31613945736818533,0.24392435320423733,-0.5589235968018367,-1.8955147638136325,-0.5661101428913397,0.6264994733731482,-0.4040574544430987,3.295836866004329
1,3,29,1002456,-2.180119222205369,-1.8470266953254697,-1.899009374372796,-0.3064465847580774,0.1519961294690789,-2.180331464207906,-0.5589235968018367,-1.8955147638136325,0.5284375866435249,-0.5750248177884919,3.4011973816621555
1,4,19,1002456,-2.1382497568300964,-2.180119222205369,-1.8470266953254697,-1.899009374372796,-0.8571480232844246,-2.502958655222129,-2.180331464207906,-0.5589235968018367,-1.8955147638136325,-1.8692864738519437,2.995732273553991
1,5,18,1002456,-1.991761748663737,-2.1382497568300964,-2.180119222205369,-1.8470266953254697,-1.899009374372796,-1.7529874210389391,-2.502958655222129,-2.180331464207906,-0.5589235968018367,-1.8955147638136325,2.9444389791664403
1,6,21,1002456,-1.4625356104620033,-1.991761748663737,-2.1382497568300964,-2.180119222205369,-1.8470266953254697,0.03075749684689373,-1.7529874210389391,-2.502958655222129,-2.180331464207906,-0.5589235968018367,3.091042453358316
1,7,10,1002456,-0.879908272971621,-1.4625356104620033,-1.991761748663737,-2.1382497568300964,-2.180119222205369,-0.7544977991468295,0.03075749684689373,-1.7529874210389391,-2.502958655222129,-2.180331464207906,2.3978952727983707
1,8,10,1002456,-0.8933684346907946,-0.879908272971621,-1.4625356104620033,-1.991761748663737,-2.1382497568300964,-0.7506128832020217,-0.7544977991468295,0.03075749684689373,-1.7529874210389391,-2.502958655222129,2.3978952727983707
1,9,13,1002456,-0.3999851536828311,-0.8933684346907946,-0.879908272971621,-1.4625356104620033,-1.991761748663737,-0.36192846035660914,-0.7506128832020217,-0.7544977991468295,0.03075749684689373,-1.7529874210389391,2.6390573296152584
1,10,11,1002456,0.04029884885475136,-0.3999851536828311,-0.8933684346907946,-0.879908272971621,-1.4625356104620033,0.603910913161449,-0.36192846035660914,-0.7506128832020217,-0.7544977991468295,0.03075749684689373,2.4849066497880004
1,11,20,1002456,0.4376106487591861,0.04029884885475136,-0.3999851536828311,-0.8933684346907946,-0.879908272971621,0.6023566311775168,0.603910913161449,-0.36192846035660914,-0.7506128832020217,-0.7544977991468295,3.044522437723423
1,12,34,1002456,0.5075653402227189,0.4376106487591861,0.04029884885475136,-0.3999851536828311,-0.8933684346907946,0.7215715785781678,0.6023566311775168,0.603910913161449,-0.36192846035660914,-0.7506128832020217,3.5553480614894135
1,13,53,1002456,0.26275522600107765,0.5075653402227189,0.4376106487591861,0.04029884885475136,-0.3999851536828311,0.20016272952413244,0.7215715785781678,0.6023566311775168,0.603910913161449,-0.36192846035660914,3.9889840465642745
1,14,64,1002456,0.1519961294690789,0.26275522600107765,0.5075653402227189,0.4376106487591861,0.04029884885475136,0.10094973745530562,0.20016272952413244,0.7215715785781678,0.6023566311775168,0.603910913161449,4.174387269895637
1,15,82,1002456,-0.31613945736818533,0.1519961294690789,0.26275522600107765,0.5075653402227189,0.4376106487591861,0.1936798708146545,0.10094973745530562,0.20016272952413244,0.7215715785781678,0.6023566311775168,4.418840607796598
1,16,62,1002456,-0.17143333012177647,-0.31613945736818533,0.1519961294690789,0.26275522600107765,0.5075653402227189,-0.1788985107647761,0.1936798708146545,0.10094973745530562,0.20016272952413244,0.7215715785781678,4.143134726391533
1,17,74,1002456,-0.22793718472892807,-0.17143333012177647,-0.31613945736818533,0.1519961294690789,0.26275522600107765,-0.2792316791109662,-0.1788985107647761,0.1936798708146545,0.10094973745530562,0.20016272952413244,4.31748811353631
1,18,74,1002456,0.07176005441143962,-0.22793718472892807,-0.17143333012177647,-0.31613945736818533,0.1519961294690789,0.03431255860524773,-0.2792316791109662,-0.1788985107647761,0.1936798708146545,0.10094973745530562,4.31748811353631
1,19,45,1002456,0.5151602877500965,0.07176005441143962,-0.22793718472892807,-0.17143333012177647,-0.31613945736818533,1.006679326622374,0.03431255860524773,-0.2792316791109662,-0.1788985107647761,0.1936798708146545,3.828641396489095
1,20,40,1002456,0.29394441808416544,0.5151602877500965,0.07176005441143962,-0.22793718472892807,-0.17143333012177647,0.9052552263188344,1.006679326622374,0.03431255860524773,-0.2792316791109662,-0.1788985107647761,3.713572066704308
1,21,36,1002456,0.3815250925446207,0.29394441808416544,0.5151602877500965,0.07176005441143962,-0.22793718472892807,0.12604308523442734,0.9052552263188344,1.006679326622374,0.03431255860524773,-0.2792316791109662,3.610917912644224
1,22,33,1002456,0.6571416248747135,0.3815250925446207,0.29394441808416544,0.5151602877500965,0.07176005441143962,0.6264994733731482,0.12604308523442734,0.9052552263188344,1.006679326622374,0.03431255860524773,3.5263605246161616
1,23,20,1002456,-0.3064465847580774,0.6571416248747135,0.3815250925446207,0.29394441808416544,0.5151602877500965,-0.3817482277748343,0.6264994733731482,0.12604308523442734,0.9052552263188344,1.006679326622374,3.044522437723423
1,24,27,1002456,0.39753377152824027,-0.3064465847580774,0.6571416248747135,0.3815250925446207,0.29394441808416544,0.7665525064774678,-0.3817482277748343,0.6264994733731482,0.12604308523442734,0.9052552263188344,3.332204510175204
1,25,27,1002456,0.6816590762153703,0.39753377152824027,-0.3064465847580774,0.6571416248747135,0.3815250925446207,0.9560238981506328,0.7665525064774678,-0.3817482277748343,0.6264994733731482,0.12604308523442734,3.332204510175204
1,26,20,1002456,0.4146187613030777,0.6816590762153703,0.39753377152824027,-0.3064465847580774,0.6571416248747135,0.2574026631157755,0.9560238981506328,0.7665525064774678,-0.3817482277748343,0.6264994733731482,3.044522437723423
1,27,18,1002456,0.26712709758567255,0.4146187613030777,0.6816590762153703,0.39753377152824027,-0.3064465847580774,0.6053894799212213,0.2574026631157755,0.9560238981506328,0.7665525064774678,-0.3817482277748343,2.9444389791664403
1,28,32,1002456,0.8644963108392778,0.26712709758567255,0.4146187613030777,0.6816590762153703,0.39753377152824027,1.4261580388801776,0.6053894799212213,0.2574026631157755,0.9560238981506328,0.7665525064774678,3.49650756146648
1,29,33,1002456,1.019051369326167,0.8644963108392778,0.26712709758567255,0.4146187613030777,0.6816590762153703,0.8945986281183514,1.4261580388801776,0.6053894799212213,0.2574026631157755,0.9560238981506328,3.5263605246161616
1,30,32,1002456,1.1297547987782717,1.019051369326167,0.8644963108392778,0.26712709758567255,0.4146187613030777,1.5823921366002704,0.8945986281183514,1.4261580388801776,0.6053894799212213,0.2574026631157755,3.49650756146648
1,31,38,1002456,1.0278655251568267,1.1297547987782717,1.019051369326167,0.8644963108392778,0.26712709758567255,1.258631425183877,1.5823921366002704,0.8945986281183514,1.4261580388801776,0.6053894799212213,3.6635616461296463
1,32,43,1002456,1.0149718128970286,1.0278655251568267,1.1297547987782717,1.019051369326167,0.8644963108392778,0.6107542783999184,1.258631425183877,1.5823921366002704,0.8945986281183514,1.4261580388801776,3.784189633918261
1,33,45,1002456,0.8129992601203564,1.0149718128970286,1.0278655251568267,1.1297547987782717,1.019051369326167,0.613609583945072,0.6107542783999184,1.258631425183877,1.5823921366002704,0.8945986281183514,3.828641396489095
1,34,73,1002456,0.8535914497773592,0.8129992601203564,1.0149718128970286,1.0278655251568267,1.1297547987782717,0.4153602911544886,0.613609583945072,0.6107542783999184,1.258631425183877,1.5823921366002704,4.30406509320417
1,35,66,1002456,0.6934418292825539,0.8535914497773592,0.8129992601203564,1.0149718128970286,1.0278655251568267,-0.01693016462644518,0.4153602911544886,0.613609583945072,0.6107542783999184,1.258631425183877,4.204692619390966
1,36,62,1002456,-0.23629957014602704,0.6934418292825539,0.8535914497773592,0.8129992601203564,1.0149718128970286,-1.1664433072475804,-0.01693016462644518,0.4153602911544886,0.613609583945072,0.6107542783999184,4.143134726391533
1,37,68,1002456,0.8454753959031347,-0.23629957014602704,0.6934418292825539,0.8535914497773592,0.8129992601203564,0.724487137781976,-1.1664433072475804,-0.01693016462644518,0.4153602911544886,0.613609583945072,4.23410650459726
1,38,71,1002456,1.0910699973211877,0.8454753959031347,-0.23629957014602704,0.6934418292825539,0.8535914497773592,0.3257337460520121,0.724487137781976,-1.1664433072475804,-0.01693016462644518,0.4153602911544886,4.276666119016055
1,39,101,1002456,1.4978334770952118,1.0910699973211877,0.8454753959031347,-0.23629957014602704,0.6934418292825539,0.14346308923363607,0.3257337460520121,0.724487137781976,-1.1664433072475804,-0.01693016462644518,4.624972813284271
1,40,117,1002456,0.37414692121322074,1.4978334770952118,1.0910699973211877,0.8454753959031347,-0.23629957014602704,-0.8607587374039233,0.14346308923363607,0.3257337460520121,0.724487137781976,-1.1664433072475804,4.770684624465665
1,41,54,1002456,-1.3551741289871024,0.37414692121322074,1.4978334770952118,1.0910699973211877,0.8454753959031347,-2.0909698600085935,-0.8607587374039233,0.14346308923363607,0.3257337460520121,0.724487137781976,4.007333185232471
2,1,78,1574517,-2.0312369200815392,-1.4625356104620033,-1.0589889755598092,0.08129385997081566,0.2671665549973428,-1.705819372241562,1.006679326622374,-0.5750248177884919,1.0919074236103696,-0.10732860609561476,4.3694478524670215
2,2,70,1574517,-1.7463579928427089,-2.0312369200815392,-1.322865527589596,-0.35578436050528883,0.1042920810926571,0.2591175074176033,-1.705819372241562,-0.4113922800547457,0.5699069581318659,-0.39062670854927495,4.2626798770413155
2,3,44,1574517,-2.3804167472221787,-1.7463579928427089,-2.0312369200815392,-0.4048448142657539,-0.08348071712953509,-2.1974380125162174,0.2591175074176033,-1.705819372241562,0.9349385213902234,-0.6488037650324792,3.80666248977032
2,4,50,1574517,-2.235830823867134,-2.3804167472221787,-1.7463579928427089,-2.0312369200815392,-0.5908044121988552,-2.406159246433304,-2.1974380125162174,0.2591175074176033,-1.705819372241562,-2.058244505776777,3.9318256327243257
2,5,45,1574517,-2.00516691842777,-2.235830823867134,-2.3804167472221787,-1.7463579928427089,-2.0312369200815392,-2.041740633927796,-2.406159246433304,-2.1974380125162174,0.2591175074176033,-1.705819372241562,3.828641396489095
2,6,53,1574517,-1.322865527589596,-2.00516691842777,-2.235830823867134,-2.3804167472221787,-1.7463579928427089,0.9416205759346612,-2.041740633927796,-2.406159246433304,-2.1974380125162174,0.2591175074176033,3.9889840465642745
2,7,49,1574517,-0.5908044121988552,-1.322865527589596,-2.00516691842777,-2.235830823867134,-2.3804167472221787,-0.5661101428913397,0.9416205759346612,-2.041740633927796,-2.406159246433304,-2.1974380125162174,3.912023005428146
2,8,45,1574517,-0.8571480232844246,-0.5908044121988552,-1.322865527589596,-2.00516691842777,-2.235830823867134,-0.9950862356180138,-0.5661101428913397,0.9416205759346612,-2.041740633927796,-2.406159246433304,3.828641396489095
2,9,44,1574517,-0.24231726669074052,-0.8571480232844246,-0.5908044121988552,-1.322865527589596,-2.00516691842777,-0.3962501062132147,-0.9950862356180138,-0.5661101428913397,0.9416205759346612,-2.041740633927796,3.80666248977032
2,10,54,1574517,0.05544268699153129,-0.24231726669074052,-0.8571480232844246,-0.5908044121988552,-1.322865527589596,-0.11835132732998316,-0.3962501062132147,-0.9950862356180138,-0.5661101428913397,0.9416205759346612,4.007333185232471
2,11,60,1574517,0.6246523729472622,0.05544268699153129,-0.24231726669074052,-0.8571480232844246,-0.5908044121988552,0.6599201260500253,-0.11835132732998316,-0.3962501062132147,-0.9950862356180138,-0.5661101428913397,4.110873864173311
2,12,97,1574517,0.43779869091681334,0.6246523729472622,0.05544268699153129,-0.24231726669074052,-0.8571480232844246,0.3881091362896381,0.6599201260500253,-0.11835132732998316,-0.3962501062132147,-0.9950862356180138,4.584967478670572
2,13,147,1574517,0.2671665549973428,0.43779869091681334,0.6246523729472622,0.05544268699153129,-0.24231726669074052,-0.10727696236874192,0.3881091362896381,0.6599201260500253,-0.11835132732998316,-0.3962501062132147,4.997212273764115
2,14,200,1574517,0.0986892099624016,0.2671665549973428,0.43779869091681334,0.6246523729472622,0.05544268699153129,-0.2429059483639903,-0.10727696236874192,0.3881091362896381,0.6599201260500253,-0.11835132732998316,5.303304908059076
2,15,229,1574517,-0.01847990731241611,0.0986892099624016,0.2671665549973428,0.43779869091681334,0.6246523729472622,-0.1468777683172706,-0.2429059483639903,-0.10727696236874192,0.3881091362896381,0.6599201260500253,5.438079308923196
2,16,230,1574517,-0.08348071712953509,-0.01847990731241611,0.0986892099624016,0.2671665549973428,0.43779869091681334,-0.26655143534977893,-0.1468777683172706,-0.2429059483639903,-0.10727696236874192,0.3881091362896381,5.442417710521793
2,17,162,1574517,-0.2292400735305117,-0.08348071712953509,-0.01847990731241611,0.0986892099624016,0.2671665549973428,-0.10732860609561476,-0.26655143534977893,-0.1468777683172706,-0.2429059483639903,-0.10727696236874192,5.093750200806762
2,18,149,1574517,0.1042920810926571,-0.2292400735305117,-0.08348071712953509,-0.01847990731241611,0.0986892099624016,0.2249888214641051,-0.10732860609561476,-0.26655143534977893,-0.1468777683172706,-0.2429059483639903,5.0106352940962555
2,19,101,1574517,0.4976939888056291,0.1042920810926571,-0.2292400735305117,-0.08348071712953509,-0.01847990731241611,1.689587754061325,0.2249888214641051,-0.10732860609561476,-0.26655143534977893,-0.1468777683172706,4.624972813284271
2,20,106,1574517,0.5150117195132803,0.4976939888056291,0.1042920810926571,-0.2292400735305117,-0.08348071712953509,0.9349385213902234,1.689587754061325,0.2249888214641051,-0.10732860609561476,-0.26655143534977893,4.672828834461906
2,21,86,1574517,0.4412549048832468,0.5150117195132803,0.4976939888056291,0.1042920810926571,-0.2292400735305117,0.4804235269931126,0.9349385213902234,1.689587754061325,0.2249888214641051,-0.10732860609561476,4.465908118654584
2,22,64,1574517,0.6242286472609975,0.4412549048832468,0.5150117195132803,0.4976939888056291,0.1042920810926571,0.33989796929987187,0.4804235269931126,0.9349385213902234,1.689587754061325,0.2249888214641051,4.174387269895637
2,23,62,1574517,-0.25289197387742735,0.6242286472609975,0.4412549048832468,0.5150117195132803,0.4976939888056291,-0.6488037650324792,0.33989796929987187,0.4804235269931126,0.9349385213902234,1.689587754061325,4.143134726391533
2,24,45,1574517,0.248092421156818,-0.25289197387742735,0.6242286472609975,0.4412549048832468,0.5150117195132803,0.9816633406038916,-0.6488037650324792,0.33989796929987187,0.4804235269931126,0.9349385213902234,3.828641396489095
2,25,45,1574517,0.6444144373768627,0.248092421156818,-0.25289197387742735,0.6242286472609975,0.4412549048832468,0.6727530210677903,0.9816633406038916,-0.6488037650324792,0.33989796929987187,0.4804235269931126,3.828641396489095
2,26,63,1574517,0.5102856598617501,0.6444144373768627,0.248092421156818,-0.25289197387742735,0.6242286472609975,0.2242380733143765,0.6727530210677903,0.9816633406038916,-0.6488037650324792,0.33989796929987187,4.1588830833596715
2,27,45,1574517,0.01725392220128258,0.5102856598617501,0.6444144373768627,0.248092421156818,-0.25289197387742735,0.14704622772177758,0.2242380733143765,0.6727530210677903,0.9816633406038916,-0.6488037650324792,3.828641396489095
2,28,71,1574517,0.8111576562590245,0.01725392220128258,0.5102856598617501,0.6444144373768627,0.248092421156818,1.776334811991683,0.14704622772177758,0.2242380733143765,0.6727530210677903,0.9816633406038916,4.276666119016055
2,29,65,1574517,0.8570739888487166,0.8111576562590245,0.01725392220128258,0.5102856598617501,0.6444144373768627,1.0919074236103696,1.776334811991683,0.14704622772177758,0.2242380733143765,0.6727530210677903,4.189654742026425
2,30,89,1574517,1.0852721125448213,0.8570739888487166,0.8111576562590245,0.01725392220128258,0.5102856598617501,0.9906368867976708,1.0919074236103696,1.776334811991683,0.14704622772177758,0.2242380733143765,4.499809670330265
2,31,85,1574517,0.904007132036822,1.0852721125448213,0.8570739888487166,0.8111576562590245,0.01725392220128258,0.7224299232213515,0.9906368867976708,1.0919074236103696,1.776334811991683,0.14704622772177758,4.454347296253507
2,32,86,1574517,0.8286953930271054,0.904007132036822,1.0852721125448213,0.8570739888487166,0.8111576562590245,0.6858136257351402,0.7224299232213515,0.9906368867976708,1.0919074236103696,1.776334811991683,4.465908118654584
2,33,128,1574517,0.5393324389021745,0.8286953930271054,0.904007132036822,1.0852721125448213,0.8570739888487166,0.5742298006802178,0.6858136257351402,0.7224299232213515,0.9906368867976708,1.0919074236103696,4.859812404361672
2,34,155,1574517,0.8262007520114071,0.5393324389021745,0.8286953930271054,0.904007132036822,1.0852721125448213,0.3782584057571003,0.5742298006802178,0.6858136257351402,0.7224299232213515,0.9906368867976708,5.049856007249537
2,35,160,1574517,0.5542607213563528,0.8262007520114071,0.5393324389021745,0.8286953930271054,0.904007132036822,0.3012416200805852,0.3782584057571003,0.5742298006802178,0.6858136257351402,0.7224299232213515,5.081404364984463
2,36,164,1574517,-0.05049492462962249,0.5542607213563528,0.8262007520114071,0.5393324389021745,0.8286953930271054,-1.026659257339089,0.3012416200805852,0.3782584057571003,0.5742298006802178,0.6858136257351402,5.10594547390058
2,37,139,1574517,1.0189341392320053,-0.05049492462962249,0.5542607213563528,0.8262007520114071,0.5393324389021745,0.3715391199375012,-1.026659257339089,0.3012416200805852,0.3782584057571003,0.5742298006802178,4.941642422609304
2,38,163,1574517,0.845027950002363,1.0189341392320053,-0.05049492462962249,0.5542607213563528,0.8262007520114071,0.5595271275248902,0.3715391199375012,-1.026659257339089,0.3012416200805852,0.3782584057571003,5.099866427824199
2,39,189,1574517,1.6509016497412436,0.845027950002363,1.0189341392320053,-0.05049492462962249,0.5542607213563528,0.2818671863075156,0.5595271275248902,0.3715391199375012,-1.026659257339089,0.3012416200805852,5.247024072160486
2,40,224,1574517,0.595377004394632,1.6509016497412436,0.845027950002363,1.0189341392320053,-0.05049492462962249,-0.6650484840327571,0.2818671863075156,0.5595271275248902,0.3715391199375012,-1.026659257339089,5.41610040220442
2,41,168,1574517,-1.5557860076400751,0.595377004394632,1.6509016497412436,0.845027950002363,1.0189341392320053,-2.0396832291812856,-0.6650484840327571,0.2818671863075156,0.5595271275248902,0.3715391199375012,5.1298987149230735
3,1,85,1673617,-2.003248037608933,-1.322865527589596,-1.180224789270624,-0.15886088392359976,0.2208451608227278,-1.6519983713109003,1.3295042501455427,-0.7506128832020217,0.9906368867976708,-0.36192846035660914,4.454347296253507
3,2,88,1673617,-1.399498946493824,-2.003248037608933,-0.5908044121988552,0.24392435320423733,0.4376106487591861,0.6706733492910646,-1.6519983713109003,-0.10732860609561476,0.5033091060996292,-0.01693016462644518,4.48863636973214
3,3,74,1673617,-2.3085355878249088,-1.399498946493824,-2.003248037608933,-0.5574028606939365,0.1519961294690789,-1.6912125844522234,0.6706733492910646,-1.6519983713109003,0.9349385213902234,-0.5083628709330646,4.31748811353631
3,4,107,1673617,-2.1636758680145873,-2.3085355878249088,-1.399498946493824,-2.003248037608933,-0.7053829305739245,-1.9639968932326048,-1.6912125844522234,0.6706733492910646,-1.6519983713109003,-0.9200956841328392,4.68213122712422
3,5,87,1673617,-1.938812663729224,-2.1636758680145873,-2.3085355878249088,-1.399498946493824,-2.003248037608933,-1.5015886051368068,-1.9639968932326048,-1.6912125844522234,0.6706733492910646,-1.6519983713109003,4.477336814478207
3,6,101,1673617,-1.180224789270624,-1.938812663729224,-2.1636758680145873,-2.3085355878249088,-1.399498946493824,0.9538106206712262,-1.5015886051368068,-1.9639968932326048,-1.6912125844522234,0.6706733492910646,4.624972813284271
3,7,112,1673617,-0.4048448142657539,-1.180224789270624,-1.938812663729224,-2.1636758680145873,-2.3085355878249088,-0.4113922800547457,0.9538106206712262,-1.5015886051368068,-1.9639968932326048,-1.6912125844522234,4.727387818712341
3,8,129,1673617,-0.7053829305739245,-0.4048448142657539,-1.180224789270624,-1.938812663729224,-2.1636758680145873,-0.5750248177884919,-0.4113922800547457,0.9538106206712262,-1.5015886051368068,-1.9639968932326048,4.867534450455582
3,9,114,1673617,-0.15886088392359976,-0.7053829305739245,-0.4048448142657539,-1.180224789270624,-1.938812663729224,-0.5069933892487551,-0.5750248177884919,-0.4113922800547457,0.9538106206712262,-1.5015886051368068,4.74493212836325
3,10,116,1673617,0.07509515045651029,-0.15886088392359976,-0.7053829305739245,-0.4048448142657539,-1.180224789270624,-0.103910574186997,-0.5069933892487551,-0.5750248177884919,-0.4113922800547457,0.9538106206712262,4.762173934797756
3,11,156,1673617,0.40511282617903854,0.07509515045651029,-0.15886088392359976,-0.7053829305739245,-0.4048448142657539,0.4821959196333788,-0.103910574186997,-0.5069933892487551,-0.5750248177884919,-0.4113922800547457,5.056245805348308
3,12,239,1673617,0.5812078676047955,0.40511282617903854,0.07509515045651029,-0.15886088392359976,-0.7053829305739245,0.7136026043820818,0.4821959196333788,-0.103910574186997,-0.5069933892487551,-0.5750248177884919,5.480638923341991
3,13,358,1673617,0.32367960551977476,0.5812078676047955,0.40511282617903854,0.07509515045651029,-0.15886088392359976,-0.18204804230399704,0.7136026043820818,0.4821959196333788,-0.103910574186997,-0.5069933892487551,5.883322388488279
3,14,446,1673617,-0.05011095574746598,0.32367960551977476,0.5812078676047955,0.40511282617903854,0.07509515045651029,-0.14803875986599224,-0.18204804230399704,0.7136026043820818,0.4821959196333788,-0.103910574186997,6.102558594613569
3,15,462,1673617,-0.1104931926233379,-0.05011095574746598,0.32367960551977476,0.5812078676047955,0.40511282617903854,0.11062656126953052,-0.14803875986599224,-0.18204804230399704,0.7136026043820818,0.4821959196333788,6.137727054086234
3,16,409,1673617,-0.05576181856560982,-0.1104931926233379,-0.05011095574746598,0.32367960551977476,0.5812078676047955,-0.48197816708107577,0.11062656126953052,-0.14803875986599224,-0.18204804230399704,0.7136026043820818,6.016157159698354
3,17,344,1673617,-0.3706024460825648,-0.05576181856560982,-0.1104931926233379,-0.05011095574746598,0.32367960551977476,-0.5083628709330646,-0.48197816708107577,0.11062656126953052,-0.14803875986599224,-0.18204804230399704,5.84354441703136
3,18,292,1673617,0.2208451608227278,-0.3706024460825648,-0.05576181856560982,-0.1104931926233379,-0.05011095574746598,0.2720499131757656,-0.5083628709330646,-0.48197816708107577,0.11062656126953052,-0.14803875986599224,5.680172609017068
3,19,202,1673617,0.633652578152807,0.2208451608227278,-0.3706024460825648,-0.05576181856560982,-0.1104931926233379,1.3295042501455427,0.2720499131757656,-0.5083628709330646,-0.48197816708107577,0.11062656126953052,5.313205979041787
3,20,185,1673617,0.4088863894511904,0.633652578152807,0.2208451608227278,-0.3706024460825648,-0.05576181856560982,0.5699069581318659,1.3295042501455427,0.2720499131757656,-0.5083628709330646,-0.48197816708107577,5.225746673713202
3,21,155,1673617,0.1661693720721031,0.4088863894511904,0.633652578152807,0.2208451608227278,-0.3706024460825648,0.03855096970517317,0.5699069581318659,1.3295042501455427,0.2720499131757656,-0.5083628709330646,5.049856007249537
3,22,101,1673617,0.5037049794126511,0.1661693720721031,0.4088863894511904,0.633652578152807,0.2208451608227278,0.5672923389177869,0.03855096970517317,0.5699069581318659,1.3295042501455427,0.2720499131757656,4.624972813284271
3,23,97,1673617,-0.5574028606939365,0.5037049794126511,0.1661693720721031,0.4088863894511904,0.633652578152807,-0.3420678265957806,0.5672923389177869,0.03855096970517317,0.5699069581318659,1.3295042501455427,4.584967478670572
3,24,93,1673617,0.4653182250524175,-0.5574028606939365,0.5037049794126511,0.1661693720721031,0.4088863894511904,0.996449741747056,-0.3420678265957806,0.5672923389177869,0.03855096970517317,0.5699069581318659,4.543294782270004
3,25,91,1673617,0.6464096870235758,0.4653182250524175,-0.5574028606939365,0.5037049794126511,0.1661693720721031,0.6812911413376916,0.996449741747056,-0.3420678265957806,0.5672923389177869,0.03855096970517317,4.5217885770490405
3,26,85,1673617,0.1964502567251585,0.6464096870235758,0.4653182250524175,-0.5574028606939365,0.5037049794126511,0.22168456345260343,0.6812911413376916,0.996449741747056,-0.3420678265957806,0.5672923389177869,4.454347296253507
3,27,81,1673617,-0.2257058992829449,0.1964502567251585,0.6464096870235758,0.4653182250524175,-0.5574028606939365,-0.07986855338746657,0.22168456345260343,0.6812911413376916,0.996449741747056,-0.3420678265957806,4.406719247264253
3,28,101,1673617,1.2271630414700432,-0.2257058992829449,0.1964502567251585,0.6464096870235758,0.4653182250524175,3.595428439882329,-0.07986855338746657,0.22168456345260343,0.6812911413376916,0.996449741747056,4.624972813284271
3,29,103,1673617,1.5963339218354036,1.2271630414700432,-0.2257058992829449,0.1964502567251585,0.6464096870235758,1.4115184263265537,3.595428439882329,-0.07986855338746657,0.22168456345260343,0.6812911413376916,4.6443908991413725
3,30,127,1673617,1.3923158220459242,1.5963339218354036,1.2271630414700432,-0.2257058992829449,0.1964502567251585,0.6926665368847316,1.4115184263265537,3.595428439882329,-0.07986855338746657,0.22168456345260343,4.852030263919617
3,31,132,1673617,0.87859174322485,1.3923158220459242,1.5963339218354036,1.2271630414700432,-0.2257058992829449,0.2531030383323479,0.6926665368847316,1.4115184263265537,3.595428439882329,-0.07986855338746657,4.890349128221754
3,32,138,1673617,0.9608345190517118,0.87859174322485,1.3923158220459242,1.5963339218354036,1.2271630414700432,0.2722328128914939,0.2531030383323479,0.6926665368847316,1.4115184263265537,3.595428439882329,4.9344739331306915
3,33,176,1673617,0.4884513789065094,0.9608345190517118,0.87859174322485,1.3923158220459242,1.5963339218354036,0.6187315406812336,0.2722328128914939,0.2531030383323479,0.6926665368847316,1.4115184263265537,5.176149732573829
3,34,204,1673617,0.6097592382586118,0.4884513789065094,0.9608345190517118,0.87859174322485,1.3923158220459242,-0.0975267778813712,0.6187315406812336,0.2722328128914939,0.2531030383323479,0.6926665368847316,5.3230099791384085
3,35,241,1673617,0.5640497841575315,0.6097592382586118,0.4884513789065094,0.9608345190517118,0.87859174322485,-0.21075775945380984,-0.0975267778813712,0.6187315406812336,0.2722328128914939,0.2531030383323479,5.488937726156687
3,36,207,1673617,0.08129385997081566,0.5640497841575315,0.6097592382586118,0.4884513789065094,0.9608345190517118,-0.9200956841328392,-0.21075775945380984,-0.0975267778813712,0.6187315406812336,0.2722328128914939,5.337538079701318
3,37,250,1673617,0.6844710077029051,0.08129385997081566,0.5640497841575315,0.6097592382586118,0.4884513789065094,0.03888374365017676,-0.9200956841328392,-0.21075775945380984,-0.0975267778813712,0.6187315406812336,5.5254529391317835
3,38,302,1673617,0.5560809371785084,0.6844710077029051,0.08129385997081566,0.5640497841575315,0.6097592382586118,-0.4341438640363428,0.03888374365017676,-0.9200956841328392,-0.21075775945380984,-0.0975267778813712,5.713732805509369
3,39,344,1673617,1.4477696021422564,0.5560809371785084,0.6844710077029051,0.08129385997081566,0.5640497841575315,-0.11505700466313284,-0.4341438640363428,0.03888374365017676,-0.9200956841328392,-0.21075775945380984,5.84354441703136
3,40,317,1673617,0.4608651209898901,1.4477696021422564,0.5560809371785084,0.6844710077029051,0.08129385997081566,-0.812569282358209,-0.11505700466313284,-0.4341438640363428,0.03888374365017676,-0.9200956841328392,5.762051382780177
3,41,242,1673617,-1.9413503807064796,0.4608651209898901,1.4477696021422564,0.5560809371785084,0.6844710077029051,-1.7515713624050164,-0.812569282358209,-0.11505700466313284,-0.4341438640363428,0.03888374365017676,5.493061443340548
4,1,83,1286773,-2.3743536003205477,-1.7463579928427089,-0.8933684346907946,-0.35578436050528883,0.26712709758567255,-1.8692864738519437,0.8945986281183514,-0.9950862356180138,0.03075749684689373,-0.48197816708107577,4.430816798843313
4,2,103,1286773,-1.5080135299732151,-2.3743536003205477,-0.8571480232844246,-0.23629957014602704,0.32367960551977476,1.2011825165656962,-1.8692864738519437,-0.14803875986599224,0.9560238981506328,0.08443301037501252,4.6443908991413725
4,3,91,1286773,-2.286034149573116,-1.5080135299732151,-2.3743536003205477,-0.8571480232844246,0.01725392220128258,-1.9780769305350527,1.2011825165656962,-1.8692864738519437,0.9416205759346612,-0.5083628709330646,4.5217885770490405
4,4,93,1286773,-2.2663548956572144,-2.286034149573116,-1.5080135299732151,-2.3743536003205477,-0.8571480232844246,-2.111266344043515,-1.9780769305350527,1.2011825165656962,-1.8692864738519437,-1.026659257339089,4.543294782270004
4,5,100,1286773,-2.1709737147511174,-2.2663548956572144,-2.286034149573116,-1.5080135299732151,-2.3743536003205477,-2.058244505776777,-2.111266344043515,-1.9780769305350527,1.2011825165656962,-1.8692864738519437,4.61512051684126
4,6,83,1286773,-1.0589889755598092,-2.1709737147511174,-2.2663548956572144,-2.286034149573116,-1.5080135299732151,2.3167500079672094,-2.058244505776777,-2.111266344043515,-1.9780769305350527,1.2011825165656962,4.430816798843313
4,7,113,1286773,-0.2016016764946137,-1.0589889755598092,-2.1709737147511174,-2.2663548956572144,-2.286034149573116,0.13344655051284002,2.3167500079672094,-2.058244505776777,-2.111266344043515,-1.9780769305350527,4.736198448394496
4,8,101,1286773,-0.551697042789205,-0.2016016764946137,-1.0589889755598092,-2.1709737147511174,-2.2663548956572144,-0.4177686367191171,0.13344655051284002,2.3167500079672094,-2.058244505776777,-2.111266344043515,4.624972813284271
4,9,111,1286773,-0.0592548712133621,-0.551697042789205,-0.2016016764946137,-1.0589889755598092,-2.1709737147511174,0.10856877637286612,-0.4177686367191171,0.13344655051284002,2.3167500079672094,-2.058244505776777,4.718498871295094
4,10,95,1286773,0.42841077554607343,-0.0592548712133621,-0.551697042789205,-0.2016016764946137,-1.0589889755598092,0.05763118014511842,0.10856877637286612,-0.4177686367191171,0.13344655051284002,2.3167500079672094,4.564348191467836
4,11,144,1286773,1.0319233885651284,0.42841077554607343,-0.0592548712133621,-0.551697042789205,-0.2016016764946137,0.5652315079769855,0.05763118014511842,0.10856877637286612,-0.4177686367191171,0.13344655051284002,4.976733742420574
4,12,225,1286773,0.7411913167196006,1.0319233885651284,0.42841077554607343,-0.0592548712133621,-0.551697042789205,0.6402232390362552,0.5652315079769855,0.05763118014511842,0.10856877637286612,-0.4177686367191171,5.420534999272286
4,13,355,1286773,0.5833274433144174,0.7411913167196006,1.0319233885651284,0.42841077554607343,-0.0592548712133621,0.1438385656130343,0.6402232390362552,0.5652315079769855,0.05763118014511842,0.10856877637286612,5.87493073085203
4,14,472,1286773,0.29098977412721044,0.5833274433144174,0.7411913167196006,1.0319233885651284,0.42841077554607343,-0.05358397385912359,0.1438385656130343,0.6402232390362552,0.5652315079769855,0.05763118014511842,6.159095388491933
4,15,406,1286773,0.2308457997459417,0.29098977412721044,0.5833274433144174,0.7411913167196006,1.0319233885651284,0.09617854115663645,-0.05358397385912359,0.1438385656130343,0.6402232390362552,0.5652315079769855,6.008813185442595
4,16,388,1286773,0.0474416037126049,0.2308457997459417,0.29098977412721044,0.5833274433144174,0.7411913167196006,-0.3609877299303844,0.09617854115663645,-0.05358397385912359,0.1438385656130343,0.6402232390362552,5.963579343618446
4,17,385,1286773,0.03890640087854652,0.0474416037126049,0.2308457997459417,0.29098977412721044,0.5833274433144174,-0.25476663823700985,-0.3609877299303844,0.09617854115663645,-0.05358397385912359,0.1438385656130343,5.955837369464831
4,18,265,1286773,0.5702127028267904,0.03890640087854652,0.0474416037126049,0.2308457997459417,0.29098977412721044,0.7339318496663493,-0.25476663823700985,-0.3609877299303844,0.09617854115663645,-0.05358397385912359,5.583496308781699
4,19,261,1286773,1.1145388620508954,0.5702127028267904,0.03890640087854652,0.0474416037126049,0.2308457997459417,1.1218296733500772,0.7339318496663493,-0.25476663823700985,-0.3609877299303844,0.09617854115663645,5.568344503761097
4,20,171,1286773,0.5927890968968161,1.1145388620508954,0.5702127028267904,0.03890640087854652,0.0474416037126049,0.5284375866435249,1.1218296733500772,0.7339318496663493,-0.25476663823700985,-0.3609877299303844,5.147494476813453
4,21,130,1286773,0.6517391170761136,0.5927890968968161,1.1145388620508954,0.5702127028267904,0.03890640087854652,0.04482288348651295,0.5284375866435249,1.1218296733500772,0.7339318496663493,-0.25476663823700985,4.875197323201151
4,22,77,1286773,0.9313364231289808,0.6517391170761136,0.5927890968968161,1.1145388620508954,0.5702127028267904,0.8536459818267909,0.04482288348651295,0.5284375866435249,1.1218296733500772,0.7339318496663493,4.356708826689592
4,23,103,1286773,-0.38800157492745807,0.9313364231289808,0.6517391170761136,0.5927890968968161,1.1145388620508954,-0.4040574544430987,0.8536459818267909,0.04482288348651295,0.5284375866435249,1.1218296733500772,4.6443908991413725
4,24,72,1286773,0.6538458244907362,-0.38800157492745807,0.9313364231289808,0.6517391170761136,0.5927890968968161,0.7283833966379942,-0.4040574544430987,0.8536459818267909,0.04482288348651295,0.5284375866435249,4.290459441148391
4,25,70,1286773,0.4947152873588666,0.6538458244907362,-0.38800157492745807,0.9313364231289808,0.6517391170761136,0.5033091060996292,0.7283833966379942,-0.4040574544430987,0.8536459818267909,0.04482288348651295,4.2626798770413155
4,26,59,1286773,0.24392435320423733,0.4947152873588666,0.6538458244907362,-0.38800157492745807,0.9313364231289808,0.19542648862081236,0.5033091060996292,0.7283833966379942,-0.4040574544430987,0.8536459818267909,4.0943445622221
4,27,74,1286773,-0.4537720213047569,0.24392435320423733,0.4947152873588666,0.6538458244907362,-0.38800157492745807,-0.39062670854927495,0.19542648862081236,0.5033091060996292,0.7283833966379942,-0.4040574544430987,4.31748811353631
4,28,95,1286773,0.9178802690840636,-0.4537720213047569,0.24392435320423733,0.4947152873588666,0.6538458244907362,1.3506346431222749,-0.39062670854927495,0.19542648862081236,0.5033091060996292,0.7283833966379942,4.564348191467836
4,29,102,1286773,0.6391987603180107,0.9178802690840636,-0.4537720213047569,0.24392435320423733,0.4947152873588666,1.459456564528386,1.3506346431222749,-0.39062670854927495,0.19542648862081236,0.5033091060996292,4.634728988229636
4,30,122,1286773,0.5287255253721466,0.6391987603180107,0.9178802690840636,-0.4537720213047569,0.24392435320423733,0.8113395266787444,1.459456564528386,1.3506346431222749,-0.39062670854927495,0.19542648862081236,4.812184355372417
4,31,154,1286773,0.641327345530746,0.5287255253721466,0.6391987603180107,0.9178802690840636,-0.4537720213047569,0.36128372056588487,0.8113395266787444,1.459456564528386,1.3506346431222749,-0.39062670854927495,5.043425116919247
4,32,128,1286773,0.7597656450022557,0.641327345530746,0.5287255253721466,0.6391987603180107,0.9178802690840636,0.36042766186336006,0.36128372056588487,0.8113395266787444,1.459456564528386,1.3506346431222749,4.859812404361672
4,33,169,1286773,0.1046257466323764,0.7597656450022557,0.641327345530746,0.5287255253721466,0.6391987603180107,0.3302787101855016,0.36042766186336006,0.36128372056588487,0.8113395266787444,1.459456564528386,5.135798437050262
4,34,231,1286773,0.24519919309185512,0.1046257466323764,0.7597656450022557,0.641327345530746,0.5287255253721466,0.08443301037501252,0.3302787101855016,0.36042766186336006,0.36128372056588487,0.8113395266787444,5.44673737166631
4,35,183,1286773,0.4014743110569834,0.24519919309185512,0.1046257466323764,0.7597656450022557,0.641327345530746,-0.27473657514019684,0.08443301037501252,0.3302787101855016,0.36042766186336006,0.36128372056588487,5.214935757608986
4,36,175,1286773,-0.35578436050528883,0.4014743110569834,0.24519919309185512,0.1046257466323764,0.7597656450022557,-1.2139067056698631,-0.27473657514019684,0.08443301037501252,0.3302787101855016,0.36042766186336006,5.170483995038151
4,37,193,1286773,0.5470664704693845,-0.35578436050528883,0.4014743110569834,0.24519919309185512,0.1046257466323764,0.11843616668682908,-1.2139067056698631,-0.27473657514019684,0.08443301037501252,0.3302787101855016,5.267858159063328
4,38,262,1286773,0.34896892533726953,0.5470664704693845,-0.35578436050528883,0.4014743110569834,0.24519919309185512,0.072656161584935125,0.11843616668682908,-1.2139067056698631,-0.27473657514019684,0.08443301037501252,5.572154032177765
4,39,296,1286773,1.168019189657814,0.34896892533726953,0.5470664704693845,-0.35578436050528883,0.4014743110569834,-0.4352320279091583,0.072656161584935125,0.11843616668682908,-1.2139067056698631,-0.27473657514019684,5.6937321388027
4,40,278,1286773,0.684154532435228,1.168019189657814,0.34896892533726953,0.5470664704693845,-0.35578436050528883,-1.0861935640341702,-0.4352320279091583,0.072656161584935125,0.11843616668682908,-1.2139067056698631,5.631211781821365
4,41,225,1286773,-1.957713670561382,0.684154532435228,1.168019189657814,0.34896892533726953,0.5470664704693845,-2.0130497485705763,-1.0861935640341702,-0.4352320279091583,0.072656161584935125,0.11843616668682908,5.420534999272286
