SVIGroup,week,Hospitalized,hosps_transformed,pop2019,mean_mobRatioOut_std,mobRatioOut_rollMean,mean_mobRatioOut_std_lag1,mobRatioOut_rollMean_lag1,mean_mobRatioOut_std_lag2,mobRatioOut_rollMean_lag2,mean_mobRatioOut_std_lag3,mobRatioOut_rollMean_lag3,mean_mobRatioIntra_std,mobRatioIntra_rollMean,mobRatioIntra_rollMean_lag1,mean_mobRatioIntra_std_lag1,mobRatioIntra_rollMean_lag2,mean_mobRatioIntra_std_lag2,mobRatioIntra_rollMean_lag3,mean_mobRatioIntra_std_lag3
1,1,42,3.7612001156935624,1002456,-1.899009374372796,-1.7609044403381453,-1.322865527589596,-2.056133759955626,-1.0589889755598092,-0.7244206204484155,-0.22793718472892807,-0.6040958982812094,-1.8955147638136325,-2.049195926785115,-0.8820602959404334,1.3295042501455427,-0.9948453761312545,-1.026659257339089,1.0349832674815536,1.5823921366002704
1,2,26,3.295836866004329,1002456,-1.8470266953254697,-1.9753850973012117,-1.899009374372796,-1.6896338657626206,-0.8933684346907946,-1.2837889282078,-0.31613945736818533,-0.2835077422850636,-0.5589235968018367,-1.544923274941125,-0.3749780368233088,-1.8955147638136325,-1.162761388014687,-0.5661101428913397,0.9124430655389814,0.6264994733731482
1,3,29,3.4011973816621555,1002456,-2.180119222205369,-2.055131891453645,-1.8470266953254697,-1.9753850973012117,-1.899009374372796,-1.5464681681296868,-0.3064465847580774,-0.8405318054996863,-2.180331464207906,-1.7474045720772906,-1.544923274941125,-0.5589235968018367,-1.0068495011689362,-1.8955147638136325,-0.24685923459898632,0.5284375866435249
1,4,19,2.995732273553991,1002456,-2.1382497568300964,-2.1033769092330674,-2.180119222205369,-2.055131891453645,-1.8470266953254697,-1.9753850973012117,-1.899009374372796,-1.3508275514854475,-2.502958655222129,-2.145425846822991,-1.7474045720772906,-2.180331464207906,-1.544923274941125,-0.5589235968018367,-0.642000257990648,-1.8955147638136325
1,5,18,2.9444389791664403,1002456,-1.991761748663737,-1.8641823719852788,-2.1382497568300964,-2.1033769092330674,-2.180119222205369,-2.055131891453645,-1.8470266953254697,-1.9753850973012117,-1.7529874210389391,-1.4083961931380582,-2.145425846822991,-2.502958655222129,-1.7474045720772906,-2.180331464207906,-1.5449232749411248,-0.5589235968018367
1,6,21,3.091042453358316,1002456,-1.4625356104620033,-1.4447352106991205,-1.991761748663737,-1.8641823719852788,-2.1382497568300964,-2.1033769092330674,-2.180119222205369,-2.055131891453645,0.03075749684689373,-0.825575907779625,-1.4083961931380582,-1.7529874210389391,-2.145425846822991,-2.502958655222129,-1.7474045720772902,-2.180331464207906
1,7,10,2.3978952727983707,1002456,-0.879908272971621,-1.0786041060414728,-1.4625356104620033,-1.4447352106991205,-1.991761748663737,-1.8641823719852788,-2.1382497568300964,-2.1033769092330674,-0.7544977991468295,-0.49145106183398585,-0.825575907779625,0.03075749684689373,-1.4083961931380582,-1.7529874210389391,-2.145425846822991,-2.502958655222129
1,8,10,2.3978952727983707,1002456,-0.8933684346907946,-0.7244206204484155,-0.879908272971621,-1.0786041060414728,-1.4625356104620033,-1.4447352106991205,-1.991761748663737,-1.8641823719852788,-0.7506128832020217,-0.6223463809018202,-0.49145106183398585,-0.7544977991468295,-0.825575907779625,0.03075749684689373,-1.4083961931380575,-1.7529874210389391
1,9,13,2.6390573296152584,1002456,-0.3999851536828311,-0.41768491317295797,-0.8933684346907946,-0.7244206204484155,-0.879908272971621,-1.0786041060414728,-1.4625356104620033,-1.4447352106991205,-0.36192846035660914,-0.16954347679906068,-0.6223463809018202,-0.7506128832020217,-0.49145106183398585,-0.7544977991468295,-0.8255759077796244,0.03075749684689373
1,10,11,2.4849066497880004,1002456,0.04029884885475136,0.02597478131036893,-0.3999851536828311,-0.41768491317295797,-0.8933684346907946,-0.7244206204484155,-0.879908272971621,-1.0786041060414728,0.603910913161449,0.2814463613274521,-0.16954347679906068,-0.36192846035660914,-0.6223463809018202,-0.7506128832020217,-0.4914510618339853,-0.7544977991468295
1,11,20,3.044522437723423,1002456,0.4376106487591861,0.328491612612219,0.04029884885475136,0.02597478131036893,-0.3999851536828311,-0.41768491317295797,-0.8933684346907946,-0.7244206204484155,0.6023566311775168,0.6426130409723777,0.2814463613274521,0.603910913161449,-0.16954347679906068,-0.36192846035660914,-0.6223463809018196,-0.7506128832020217
1,12,34,3.5553480614894135,1002456,0.5075653402227189,0.4026437383276611,0.4376106487591861,0.328491612612219,0.04029884885475136,0.02597478131036893,-0.3999851536828311,-0.41768491317295797,0.7215715785781678,0.5080303130932723,0.6426130409723777,0.6023566311775168,0.2814463613274521,0.603910913161449,-0.1695434767990601,-0.36192846035660914
1,13,53,3.9889840465642745,1002456,0.26275522600107765,0.307438898564292,0.5075653402227189,0.4026437383276611,0.4376106487591861,0.328491612612219,0.04029884885475136,0.02597478131036893,0.20016272952413244,0.3408946818525352,0.5080303130932723,0.7215715785781678,0.6426130409723777,0.6023566311775168,0.2814463613274527,0.603910913161449
1,14,64,4.174387269895637,1002456,0.1519961294690789,0.0328706327006573,0.26275522600107765,0.307438898564292,0.5075653402227189,0.4026437383276611,0.4376106487591861,0.328491612612219,0.10094973745530562,0.16493077926469746,0.3408946818525352,0.20016272952413244,0.5080303130932723,0.7215715785781678,0.6426130409723784,0.6023566311775168
1,15,82,4.418840607796598,1002456,-0.31613945736818533,-0.11185888600696074,0.1519961294690789,0.0328706327006573,0.26275522600107765,0.307438898564292,0.5075653402227189,0.4026437383276611,0.1936798708146545,0.03857703250172795,0.16493077926469746,0.10094973745530562,0.3408946818525352,0.20016272952413244,0.5080303130932728,0.7215715785781678
1,16,62,4.143134726391533,1002456,-0.17143333012177647,-0.23850332407296304,-0.31613945736818533,-0.11185888600696074,0.1519961294690789,0.0328706327006573,0.26275522600107765,0.307438898564292,-0.1788985107647761,-0.08815010635369598,0.03857703250172795,0.1936798708146545,0.16493077926469746,0.10094973745530562,0.3408946818525358,0.20016272952413244
1,17,74,4.31748811353631,1002456,-0.22793718472892807,-0.10920348681308806,-0.17143333012177647,-0.23850332407296304,-0.31613945736818533,-0.11185888600696074,0.1519961294690789,0.0328706327006573,-0.2792316791109662,-0.14127254375683157,-0.08815010635369598,-0.1788985107647761,0.03857703250172795,0.1936798708146545,0.16493077926469804,0.10094973745530562
1,18,74,4.31748811353631,1002456,0.07176005441143962,0.11966105247753628,-0.22793718472892807,-0.10920348681308806,-0.17143333012177647,-0.23850332407296304,-0.31613945736818533,-0.11185888600696074,0.03431255860524773,0.2539200687055518,-0.14127254375683157,-0.2792316791109662,-0.08815010635369598,-0.1788985107647761,0.03857703250172854,0.1936798708146545
1,19,45,3.828641396489095,1002456,0.5151602877500965,0.2936215867485674,0.07176005441143962,0.11966105247753628,-0.22793718472892807,-0.10920348681308806,-0.17143333012177647,-0.23850332407296304,1.006679326622374,0.6487490371821519,0.2539200687055518,0.03431255860524773,-0.14127254375683157,-0.2792316791109662,-0.0881501063536954,-0.1788985107647761
1,20,40,3.713572066704308,1002456,0.29394441808416544,0.3968765994596278,0.5151602877500965,0.2936215867485674,0.07176005441143962,0.11966105247753628,-0.22793718472892807,-0.10920348681308806,0.9052552263188344,0.6793258793918785,0.6487490371821519,1.006679326622374,0.2539200687055518,0.03431255860524773,-0.141272543756831,-0.2792316791109662
1,21,36,3.610917912644224,1002456,0.3815250925446207,0.44420371183450014,0.29394441808416544,0.3968765994596278,0.5151602877500965,0.2936215867485674,0.07176005441143962,0.11966105247753628,0.12604308523442734,0.5525992616421366,0.6793258793918785,0.9052552263188344,0.6487490371821519,1.006679326622374,0.25392006870555234,0.03431255860524773
1,22,33,3.5263605246161616,1002456,0.6571416248747135,0.24407337755375255,0.3815250925446207,0.44420371183450014,0.29394441808416544,0.3968765994596278,0.5151602877500965,0.2936215867485674,0.6264994733731482,0.12359811027758034,0.5525992616421366,0.12604308523442734,0.6793258793918785,0.9052552263188344,0.6487490371821526,1.006679326622374
1,23,20,3.044522437723423,1002456,-0.3064465847580774,0.24940960388162572,0.6571416248747135,0.24407337755375255,0.3815250925446207,0.44420371183450014,0.29394441808416544,0.3968765994596278,-0.3817482277748343,0.33710125069192715,0.12359811027758034,0.6264994733731482,0.5525992616421366,0.12604308523442734,0.6793258793918792,0.9052552263188344
1,24,27,3.332204510175204,1002456,0.39753377152824027,0.25758208766184465,-0.3064465847580774,0.24940960388162572,0.6571416248747135,0.24407337755375255,0.3815250925446207,0.44420371183450014,0.7665525064774678,0.4469427256177554,0.33710125069192715,-0.3817482277748343,0.12359811027758034,0.6264994733731482,0.5525992616421372,0.12604308523442734
1,25,27,3.332204510175204,1002456,0.6816590762153703,0.49793720301556305,0.39753377152824027,0.25758208766184465,-0.3064465847580774,0.24940960388162572,0.6571416248747135,0.24407337755375255,0.9560238981506328,0.659993022581292,0.4469427256177554,0.7665525064774678,0.33710125069192715,-0.3817482277748343,0.12359811027758094,0.6264994733731482
1,26,20,3.044522437723423,1002456,0.4146187613030777,0.45446831170137375,0.6816590762153703,0.49793720301556305,0.39753377152824027,0.25758208766184465,-0.3064465847580774,0.24940960388162572,0.2574026631157755,0.6062720137292098,0.659993022581292,0.9560238981506328,0.4469427256177554,0.7665525064774678,0.33710125069192776,-0.3817482277748343
1,27,18,2.9444389791664403,1002456,0.26712709758567255,0.5154140565760096,0.4146187613030777,0.45446831170137375,0.6816590762153703,0.49793720301556305,0.39753377152824027,0.25758208766184465,0.6053894799212213,0.7629833939723915,0.6062720137292098,0.2574026631157755,0.659993022581292,0.9560238981506328,0.446942725617756,0.7665525064774678
1,28,32,3.49650756146648,1002456,0.8644963108392778,0.716891592583706,0.26712709758567255,0.5154140565760096,0.4146187613030777,0.45446831170137375,0.6816590762153703,0.49793720301556305,1.4261580388801776,0.97538204897325,0.7629833939723915,0.6053894799212213,0.6062720137292098,0.2574026631157755,0.6599930225812926,0.9560238981506328
1,29,33,3.5263605246161616,1002456,1.019051369326167,1.0044341596479056,0.8644963108392778,0.716891592583706,0.26712709758567255,0.5154140565760096,0.4146187613030777,0.45446831170137375,0.8945986281183514,1.3010496011995998,0.97538204897325,1.4261580388801776,0.7629833939723915,0.6053894799212213,0.6062720137292105,0.2574026631157755
1,30,32,3.49650756146648,1002456,1.1297547987782717,1.058890564420422,1.019051369326167,1.0044341596479056,0.8644963108392778,0.716891592583706,0.26712709758567255,0.5154140565760096,1.5823921366002704,1.2452073966341664,1.3010496011995998,0.8945986281183514,0.97538204897325,1.4261580388801776,0.7629833939723921,0.6053894799212213
1,31,38,3.6635616461296463,1002456,1.0278655251568267,1.0575307122773758,1.1297547987782717,1.058890564420422,1.019051369326167,1.0044341596479056,0.8644963108392778,0.716891592583706,1.258631425183877,1.1505926133946889,1.2452073966341664,1.5823921366002704,1.3010496011995998,0.8945986281183514,0.9753820489732506,1.4261580388801776
1,32,43,3.784189633918261,1002456,1.0149718128970286,0.9519455327247376,1.0278655251568267,1.0575307122773758,1.1297547987782717,1.058890564420422,1.019051369326167,1.0044341596479056,0.6107542783999184,0.8276650958429558,1.1505926133946889,1.258631425183877,1.2452073966341664,1.5823921366002704,1.3010496011996004,0.8945986281183514
1,33,45,3.828641396489095,1002456,0.8129992601203564,0.893854174264915,1.0149718128970286,0.9519455327247376,1.0278655251568267,1.0575307122773758,1.1297547987782717,1.058890564420422,0.613609583945072,0.5465747178331596,0.8276650958429558,0.6107542783999184,1.1505926133946889,1.258631425183877,1.2452073966341668,1.5823921366002704
1,34,73,4.30406509320417,1002456,0.8535914497773592,0.78667751306009,0.8129992601203564,0.893854174264915,1.0149718128970286,0.9519455327247376,1.0278655251568267,1.0575307122773758,0.4153602911544886,0.33734657015770503,0.5465747178331596,0.613609583945072,0.8276650958429558,0.6107542783999184,1.150592613394689,1.258631425183877
1,35,66,4.204692619390966,1002456,0.6934418292825539,0.43691123630462886,0.8535914497773592,0.78667751306009,0.8129992601203564,0.893854174264915,1.0149718128970286,0.9519455327247376,-0.01693016462644518,-0.2560043935731791,0.33734657015770503,0.4153602911544886,0.5465747178331596,0.613609583945072,0.8276650958429563,0.6107542783999184
1,36,62,4.143134726391533,1002456,-0.23629957014602704,0.4342058850132207,0.6934418292825539,0.43691123630462886,0.8535914497773592,0.78667751306009,0.8129992601203564,0.893854174264915,-1.1664433072475804,-0.15296211136401663,-0.2560043935731791,-0.01693016462644518,0.33734657015770503,0.4153602911544886,0.5465747178331601,0.613609583945072
1,37,68,4.23410650459726,1002456,0.8454753959031347,0.5667486076927654,-0.23629957014602704,0.4342058850132207,0.6934418292825539,0.43691123630462886,0.8535914497773592,0.78667751306009,0.724487137781976,-0.03874080780453087,-0.15296211136401663,-1.1664433072475804,-0.2560043935731791,-0.01693016462644518,0.33734657015770564,0.4153602911544886
1,38,71,4.276666119016055,1002456,1.0910699973211877,1.1447929567731785,0.8454753959031347,0.5667486076927654,-0.23629957014602704,0.4342058850132207,0.6934418292825539,0.43691123630462886,0.3257337460520121,0.3978946576892079,-0.03874080780453087,0.724487137781976,-0.15296211136401663,-1.1664433072475804,-0.25600439357317856,-0.01693016462644518
1,39,101,4.624972813284271,1002456,1.4978334770952118,0.9876834652098736,1.0910699973211877,1.1447929567731785,0.8454753959031347,0.5667486076927654,-0.23629957014602704,0.4342058850132207,0.14346308923363607,-0.13052063403942515,0.3978946576892079,0.3257337460520121,-0.03874080780453087,0.724487137781976,-0.15296211136401605,-1.1664433072475804
1,40,117,4.770684624465665,1002456,0.37414692121322074,0.17226875644044362,1.4978334770952118,0.9876834652098736,1.0910699973211877,1.1447929567731785,0.8454753959031347,0.5667486076927654,-0.8607587374039233,-0.9360885027262936,-0.13052063403942515,0.14346308923363607,0.3978946576892079,0.3257337460520121,-0.03874080780453028,0.724487137781976
1,41,54,4.007333185232471,1002456,-1.3551741289871024,-0.5634232340580069,0.37414692121322074,0.49793720301556305,1.4978334770952118,1.4052709284504568,1.0910699973211877,0.6044890548682489,-2.0909698600085935,-0.837258292566062,0.39265730800722903,-0.8607587374039233,0.33734657015770503,0.14346308923363607,1.0349832674815536,0.3257337460520121
2,1,78,4.3694478524670215,1574517,-2.0312369200815392,-2.1033769092330674,-1.4625356104620033,-1.4447352106991205,-1.0589889755598092,-1.3062789527387408,0.08129385997081566,0.24940960388162572,-1.705819372241562,-1.1687597681421462,0.6426130409723777,1.006679326622374,-1.162761388014687,-0.5750248177884919,0.7158730376759457,1.0919074236103696
2,2,70,4.2626798770413155,1574517,-1.7463579928427089,-2.0526705533821423,-2.0312369200815392,-1.746710174462084,-1.322865527589596,-1.471030474410315,-0.35578436050528883,-0.226445104933409,0.2591175074176033,-1.2147132924467254,-0.1466741794005283,-1.705819372241562,-0.8974121566949332,-0.4113922800547457,0.865584301044153,0.5699069581318659
2,3,44,3.80666248977032,1574517,-2.3804167472221787,-2.120868521310674,-1.7463579928427089,-2.0526705533821423,-2.0312369200815392,-1.7001534801712817,-0.4048448142657539,-0.9306220316175272,-2.1974380125162174,-1.448159917177306,-1.2147132924467252,0.2591175074176033,-0.6193647149595681,-1.705819372241562,-0.06699129757315762,0.9349385213902234
2,4,50,3.9318256327243257,1574517,-2.235830823867134,-2.207138163172361,-2.3804167472221787,-2.120868521310674,-1.7463579928427089,-2.0526705533821423,-2.0312369200815392,-1.3941465757300004,-2.406159246433304,-2.215112630959106,-1.448159917177306,-2.1974380125162174,-1.2147132924467254,0.2591175074176033,-0.17058778114457848,-1.705819372241562
2,5,45,3.828641396489095,1574517,-2.00516691842777,-1.8546210899615,-2.235830823867134,-2.207138163172361,-2.3804167472221787,-2.120868521310674,-1.7463579928427089,-2.052670553382142,-2.041740633927796,-1.1687597681421462,-2.215112630959106,-2.406159246433304,-1.448159917177306,-2.1974380125162174,-1.2147132924467254,0.2591175074176033
2,6,53,3.9889840465642745,1574517,-1.322865527589596,-1.3062789527387404,-2.00516691842777,-1.8546210899615,-2.235830823867134,-2.207138163172361,-2.3804167472221787,-2.1208685213106735,0.9416205759346612,-0.5554100669614915,-1.168759768142146,-2.041740633927796,-2.215112630959106,-2.406159246433304,-1.448159917177306,-2.1974380125162174
2,7,49,3.912023005428146,1574517,-0.5908044121988552,-0.9236059876909588,-1.322865527589596,-1.3062789527387404,-2.00516691842777,-1.8546210899615003,-2.235830823867134,-2.207138163172361,-0.5661101428913397,-0.20652526752489744,-0.5554100669614912,0.9416205759346612,-1.1687597681421462,-2.041740633927796,-2.215112630959106,-2.406159246433304
2,8,45,3.828641396489095,1574517,-0.8571480232844246,-0.5634232340580069,-0.5908044121988552,-0.9236059876909588,-1.322865527589596,-1.3062789527387408,-2.00516691842777,-1.8546210899614997,-0.9950862356180138,-0.6524821615741894,-0.2065252675248971,-0.5661101428913397,-0.5554100669614915,0.9416205759346612,-1.1687597681421462,-2.041740633927796
2,9,44,3.80666248977032,1574517,-0.24231726669074052,-0.34800753432787807,-0.8571480232844246,-0.5634232340580069,-0.5908044121988552,-0.923605987690959,-1.322865527589596,-1.3062789527387402,-0.3962501062132147,-0.5032292230537372,-0.652482161574189,-0.9950862356180138,-0.20652526752489744,-0.5661101428913397,-0.5554100669614915,0.9416205759346612
2,10,54,4.007333185232471,1574517,0.05544268699153129,0.14592593108268423,-0.24231726669074052,-0.34800753432787807,-0.8571480232844246,-0.5634232340580072,-0.5908044121988552,-0.9236059876909584,-0.11835132732998316,0.04843956416894249,-0.5032292230537369,-0.3962501062132147,-0.6524821615741894,-0.9950862356180138,-0.20652526752489744,-0.5661101428913397
2,11,60,4.110873864173311,1574517,0.6246523729472622,0.3726312502852022,0.05544268699153129,0.14592593108268423,-0.24231726669074052,-0.34800753432787834,-0.8571480232844246,-0.56342323405800665,0.6599201260500253,0.3098926450032268,0.04843956416894279,-0.11835132732998316,-0.5032292230537372,-0.3962501062132147,-0.6524821615741894,-0.9950862356180138
2,12,97,4.584967478670572,1574517,0.43779869091681334,0.443205872953806,0.6246523729472622,0.3726312502852022,0.05544268699153129,0.14592593108268392,-0.24231726669074052,-0.34800753432787773,0.3881091362896381,0.3135840999903072,0.30989264500322705,0.6599201260500253,0.04843956416894249,-0.11835132732998316,-0.5032292230537372,-0.3962501062132147
2,13,147,4.997212273764115,1574517,0.2671665549973428,0.2678848186255192,0.43779869091681334,0.443205872953806,0.6246523729472622,0.3726312502852019,0.05544268699153129,0.1459259310826845,-0.10727696236874192,0.01264207518563535,0.3135840999903075,0.3881091362896381,0.3098926450032268,0.6599201260500253,0.04843956416894249,-0.11835132732998316
2,14,200,5.303304908059076,1574517,0.0986892099624016,0.1157919525491094,0.2671665549973428,0.2678848186255192,0.43779869091681334,0.44320587295380576,0.6246523729472622,0.3726312502852025,-0.2429059483639903,-0.16568689301666753,0.01264207518563564,-0.10727696236874192,0.3135840999903072,0.3881091362896381,0.3098926450032268,0.6599201260500253
2,15,229,5.438079308923196,1574517,-0.01847990731241611,-0.00109047149318325,0.0986892099624016,0.1157919525491094,0.2671665549973428,0.2678848186255189,0.43779869091681334,0.4432058729538064,-0.1468777683172706,-0.21877838401034655,-0.16568689301666725,-0.2429059483639903,0.01264207518563535,-0.10727696236874192,0.3135840999903072,0.3881091362896381
2,16,230,5.442417710521793,1574517,-0.08348071712953509,-0.11040023265748768,-0.01847990731241611,-0.00109047149318325,0.0986892099624016,0.11579195254910908,0.2671665549973428,0.2678848186255195,-0.26655143534977893,-0.17358593658755472,-0.21877838401034624,-0.1468777683172706,-0.16568689301666753,-0.2429059483639903,0.01264207518563535,-0.10727696236874192
2,17,162,5.093750200806762,1574517,-0.2292400735305117,-0.06947623652246328,-0.08348071712953509,-0.11040023265748768,-0.01847990731241611,-0.00109047149318354,0.0986892099624016,0.11579195254910968,-0.10732860609561476,-0.0496304066604295,-0.17358593658755442,-0.26655143534977893,-0.21877838401034655,-0.1468777683172706,-0.16568689301666753,-0.2429059483639903
2,18,149,5.0106352940962555,1574517,0.1042920810926571,0.12424866545592478,-0.2292400735305117,-0.06947623652246328,-0.08348071712953509,-0.11040023265748798,-0.01847990731241611,-0.00109047149318295,0.2249888214641051,0.6024159898099385,-0.0496304066604292,-0.10732860609561476,-0.17358593658755472,-0.26655143534977893,-0.21877838401034655,-0.1468777683172706
2,19,101,4.624972813284271,1574517,0.4976939888056291,0.37233259647052214,0.1042920810926571,0.12424866545592478,-0.2292400735305117,-0.06947623652246358,-0.08348071712953509,-0.11040023265748738,1.689587754061325,0.9498383656385512,0.6024159898099387,0.2249888214641051,-0.0496304066604295,-0.10732860609561476,-0.17358593658755472,-0.26655143534977893
2,20,106,4.672828834461906,1574517,0.5150117195132803,0.484653537734052,0.4976939888056291,0.37233259647052214,0.1042920810926571,0.12424866545592449,-0.2292400735305117,-0.06947623652246299,0.9349385213902234,1.0349832674815536,0.9498383656385516,1.689587754061325,0.6024159898099385,0.2249888214641051,-0.0496304066604295,-0.10732860609561476
2,21,86,4.465908118654584,1574517,0.4412549048832468,0.5268317572191749,0.5150117195132803,0.484653537734052,0.4976939888056291,0.3723325964705218,0.1042920810926571,0.12424866545592508,0.4804235269931126,0.5850866725610692,1.034983267481554,0.9349385213902234,0.9498383656385512,1.689587754061325,0.6024159898099385,0.2249888214641051
2,22,64,4.174387269895637,1574517,0.6242286472609975,0.27086385942227226,0.4412549048832468,0.5268317572191749,0.5150117195132803,0.4846535377340518,0.4976939888056291,0.3723325964705224,0.33989796929987187,0.05717257708683506,0.5850866725610695,0.4804235269931126,1.0349832674815536,0.9349385213902234,0.9498383656385512,1.689587754061325
2,23,62,4.143134726391533,1574517,-0.25289197387742735,0.206476364846796,0.6242286472609975,0.27086385942227226,0.4412549048832468,0.5268317572191745,0.5150117195132803,0.48465353773405234,-0.6488037650324792,0.22425251495709472,0.05717257708683535,0.33989796929987187,0.5850866725610692,0.4804235269931126,1.0349832674815536,0.9349385213902234
2,24,45,3.828641396489095,1574517,0.248092421156818,0.2132049615520844,-0.25289197387742735,0.206476364846796,0.6242286472609975,0.270863859422272,0.4412549048832468,0.5268317572191751,0.9816633406038916,0.33520419887973424,0.224252514957095,-0.6488037650324792,0.05717257708683506,0.33989796929987187,0.5850866725610692,0.4804235269931126
2,25,45,3.828641396489095,1574517,0.6444144373768627,0.4675975061318102,0.248092421156818,0.2132049615520844,-0.25289197387742735,0.20647636484679568,0.6242286472609975,0.2708638594222726,0.6727530210677903,0.6262181449953528,0.3352041988797345,0.9816633406038916,0.22425251495709472,-0.6488037650324792,0.05717257708683506,0.33989796929987187
2,26,63,4.1588830833596715,1574517,0.5102856598617501,0.3906513398132984,0.6444144373768627,0.4675975061318102,0.248092421156818,0.2132049615520841,-0.25289197387742735,0.2064763648467963,0.2242380733143765,0.34801244070131476,0.6262181449953531,0.6727530210677903,0.33520419887973424,0.9816633406038916,0.22425251495709472,-0.6488037650324792
2,27,45,3.828641396489095,1574517,0.01725392220128258,0.446232412774019,0.5102856598617501,0.3906513398132984,0.6444144373768627,0.4675975061318099,0.248092421156818,0.21320496155208468,0.14704622772177758,0.7158730376759457,0.34801244070131504,0.2242380733143765,0.6262181449953528,0.6727530210677903,0.33520419887973424,0.9816633406038916
2,28,71,4.276666119016055,1574517,0.8111576562590245,0.5618285224363412,0.01725392220128258,0.446232412774019,0.5102856598617501,0.3906513398132981,0.6444144373768627,0.4675975061318105,1.776334811991683,1.0050961544412766,0.715873037675946,0.14704622772177758,0.34801244070131476,0.2242380733143765,0.6262181449953528,0.6727530210677903
2,29,65,4.189654742026425,1574517,0.8570739888487166,0.9178345858841874,0.8111576562590245,0.5618285224363412,0.01725392220128258,0.4462324127740187,0.5102856598617501,0.3906513398132987,1.0919074236103696,1.2862930407999078,1.0050961544412769,1.776334811991683,0.7158730376759457,0.14704622772177758,0.34801244070131476,0.2242380733143765
2,30,89,4.499809670330265,1574517,1.0852721125448213,0.9487844111434534,0.8570739888487166,0.9178345858841874,0.8111576562590245,0.5618285224363408,0.01725392220128258,0.4462324127740193,0.9906368867976708,0.9349914112097972,1.286293040799908,1.0919074236103696,1.0050961544412766,1.776334811991683,0.7158730376759457,0.14704622772177758
2,31,85,4.454347296253507,1574517,0.904007132036822,0.9393248792029164,1.0852721125448213,0.9487844111434534,0.8570739888487166,0.9178345858841872,0.8111576562590245,0.5618285224363414,0.7224299232213515,0.799626811918054,0.9349914112097976,0.9906368867976708,1.2862930407999078,1.0919074236103696,1.0050961544412766,1.776334811991683
2,32,86,4.465908118654584,1574517,0.8286953930271054,0.7573449879887008,0.904007132036822,0.9393248792029164,1.0852721125448213,0.948784411143453,0.8570739888487166,0.9178345858841878,0.6858136257351402,0.6608244498789029,0.7996268119180542,0.7224299232213515,0.9349914112097972,0.9906368867976708,1.2862930407999078,1.0919074236103696
2,33,128,4.859812404361672,1574517,0.5393324389021745,0.7314095279802291,0.8286953930271054,0.7573449879887008,0.904007132036822,0.939324879202916,1.0852721125448213,0.9487844111434536,0.5742298006802178,0.5461006107241525,0.6608244498789032,0.6858136257351402,0.799626811918054,0.7224299232213515,0.9349914112097972,0.9906368867976708
2,34,155,5.049856007249537,1574517,0.8262007520114071,0.6399313040899782,0.5393324389021745,0.7314095279802291,0.8286953930271054,0.7573449879887004,0.904007132036822,0.9393248792029166,0.3782584057571003,0.41790994217263416,0.5461006107241527,0.5742298006802178,0.6608244498789029,0.6858136257351402,0.799626811918054,0.7224299232213515
2,35,160,5.081404364984463,1574517,0.5542607213563528,0.4433221829127125,0.8262007520114071,0.6399313040899782,0.5393324389021745,0.7314095279802287,0.8286953930271054,0.757344987988701,0.3012416200805852,-0.11571974383380142,0.4179099421726344,0.3782584057571003,0.5461006107241525,0.5742298006802178,0.6608244498789029,0.6858136257351402
2,36,164,5.10594547390058,1574517,-0.05049492462962249,0.5075666453195785,0.5542607213563528,0.4433221829127125,0.8262007520114071,0.6399313040899779,0.5393324389021745,0.7314095279802294,-1.026659257339089,-0.11795950577366776,-0.11571974383380113,0.3012416200805852,0.41790994217263416,0.3782584057571003,0.5461006107241525,0.5742298006802178
2,37,139,4.941642422609304,1574517,1.0189341392320053,0.6044890548682486,-0.05049492462962249,0.5075666453195785,0.5542607213563528,0.44332218291271225,0.8262007520114071,0.6399313040899784,0.3715391199375012,-0.03186433662556611,-0.11795950577366748,-1.026659257339089,-0.11571974383380142,0.3012416200805852,0.41790994217263416,0.3782584057571003
2,38,163,5.099866427824199,1574517,0.845027950002363,1.171621246325204,1.0189341392320053,0.6044890548682486,-0.05049492462962249,0.5075666453195783,0.5542607213563528,0.4433221829127128,0.5595271275248902,0.4043111445899687,-0.03186433662556581,0.3715391199375012,-0.11795950577366776,-1.026659257339089,-0.11571974383380142,0.3012416200805852
2,39,189,5.247024072160486,1574517,1.6509016497412436,1.030435534712746,0.845027950002363,1.171621246325204,1.0189341392320053,0.6044890548682483,-0.05049492462962249,0.5075666453195788,0.2818671863075156,0.05878194326654928,0.404311144589969,0.5595271275248902,-0.03186433662556611,0.3715391199375012,-0.11795950577366776,-1.026659257339089
2,40,224,5.41610040220442,1574517,0.595377004394632,0.2301642154986001,1.6509016497412436,1.030435534712746,0.845027950002363,1.1716212463252036,1.0189341392320053,0.6044890548682489,-0.6650484840327571,-0.8076215089688427,0.05878194326654958,0.2818671863075156,0.4043111445899687,0.5595271275248902,-0.03186433662556611,0.3715391199375012
2,41,168,5.1298987149230735,1574517,-1.5557860076400751,-1.1746274224218674,0.595377004394632,0.5618285224363412,1.6509016497412436,1.4052709284504568,0.845027950002363,1.0044341596479056,-2.0396832291812856,-0.837258292566062,-0.825575907779625,-0.6650484840327571,1.0349832674815536,0.2818671863075156,0.2644791918971187,0.5595271275248902
3,1,85,4.454347296253507,1673617,-2.003248037608933,-1.8641823719852788,-1.322865527589596,-1.3062789527387404,-1.180224789270624,-1.3062789527387408,-0.15886088392359976,0.13720678125704386,-1.6519983713109003,-0.9948453761312548,0.6487490371821519,1.3295042501455427,-0.6524821615741894,-0.7506128832020217,0.5850866725610692,0.9906368867976708
3,2,88,4.48863636973214,1673617,-1.399498946493824,-1.903760857309222,-2.003248037608933,-1.5752041705641178,-0.5908044121988552,-1.2580924130261373,0.24392435320423733,-0.15744646380443297,0.6706733492910646,-0.8908458688240198,0.116059742708569,-1.6519983713109003,-0.8366466202028455,-0.10732860609561476,0.8096281714291744,0.5033091060996292
3,3,74,4.31748811353631,1673617,-2.3085355878249088,-1.9572368007777736,-1.399498946493824,-1.903760857309222,-2.003248037608933,-1.331183798767204,-0.5574028606939365,-0.7722421816995441,-1.6912125844522234,-0.9948453761312548,-0.8908458688240198,0.6706733492910646,-0.3628845427051501,-1.6519983713109003,-0.07125024794034933,0.9349385213902234
3,4,107,4.68213122712422,1673617,-2.1636758680145873,-2.1370080398562403,-2.3085355878249088,-1.9572368007777736,-1.399498946493824,-1.903760857309222,-2.003248037608933,-1.3200499482655643,-1.9639968932326048,-1.7189326942738787,-0.9948453761312548,-1.6912125844522234,-0.8908458688240196,0.6706733492910646,-0.01546216687653752,-1.6519983713109003
3,5,87,4.477336814478207,1673617,-1.938812663729224,-1.7609044403381453,-2.1636758680145873,-2.1370080398562403,-2.3085355878249088,-1.9572368007777736,-1.399498946493824,-1.903760857309222,-1.5015886051368068,-0.837258292566062,-1.7189326942738787,-1.9639968932326048,-0.9948453761312545,-1.6912125844522234,-0.8908458688240198,0.6706733492910646
3,6,101,4.624972813284271,1673617,-1.180224789270624,-1.1746274224218674,-1.938812663729224,-1.7609044403381453,-2.1636758680145873,-2.1370080398562403,-2.3085355878249088,-1.9572368007777736,0.9538106206712262,-0.31972342150677563,-0.837258292566062,-1.5015886051368068,-1.7189326942738783,-1.9639968932326048,-0.9948453761312548,-1.6912125844522234
3,7,112,4.727387818712341,1673617,-0.4048448142657539,-0.7634841780367676,-1.180224789270624,-1.1746274224218674,-1.938812663729224,-1.7609044403381453,-2.1636758680145873,-2.1370080398562403,-0.4113922800547457,-0.01086882572400397,-0.31972342150677563,0.9538106206712262,-0.8372582925660618,-1.5015886051368068,-1.7189326942738787,-1.9639968932326048
3,8,129,4.867534450455582,1673617,-0.7053829305739245,-0.4230295429210929,-0.4048448142657539,-0.7634841780367676,-1.180224789270624,-1.1746274224218674,-1.938812663729224,-1.7609044403381453,-0.5750248177884919,-0.4978034956973311,-0.01086882572400397,-0.4113922800547457,-0.3197234215067753,0.9538106206712262,-0.837258292566062,-1.5015886051368068
3,9,114,4.74493212836325,1673617,-0.15886088392359976,-0.2630495546803382,-0.7053829305739245,-0.4230295429210929,-0.4048448142657539,-0.7634841780367676,-1.180224789270624,-1.1746274224218674,-0.5069933892487551,-0.3953095937414148,-0.4978034956973311,-0.5750248177884919,-0.01086882572400368,-0.4113922800547457,-0.31972342150677563,0.9538106206712262
3,10,116,4.762173934797756,1673617,0.07509515045651029,0.10711569757064954,-0.15886088392359976,-0.2630495546803382,-0.7053829305739245,-0.4230295429210929,-0.4048448142657539,-0.7634841780367676,-0.103910574186997,-0.04290268126745792,-0.3953095937414148,-0.5069933892487551,-0.4978034956973308,-0.5750248177884919,-0.01086882572400397,-0.4113922800547457
3,11,156,5.056245805348308,1673617,0.40511282617903854,0.35380528141344797,0.07509515045651029,0.10711569757064954,-0.15886088392359976,-0.2630495546803382,-0.7053829305739245,-0.4230295429210929,0.4821959196333788,0.363962649942821,-0.04290268126745792,-0.103910574186997,-0.39530959374141456,-0.5069933892487551,-0.4978034956973311,-0.5750248177884919
3,12,239,5.480638923341991,1673617,0.5812078676047955,0.4366667664345361,0.40511282617903854,0.35380528141344797,0.07509515045651029,0.10711569757064954,-0.15886088392359976,-0.2630495546803382,0.7136026043820818,0.33791682723715444,0.363962649942821,0.4821959196333788,-0.04290268126745763,-0.103910574186997,-0.3953095937414148,-0.5069933892487551
3,13,358,5.883322388488279,1673617,0.32367960551977476,0.2849255057923679,0.5812078676047955,0.4366667664345361,0.40511282617903854,0.35380528141344797,0.07509515045651029,0.10711569757064954,-0.18204804230399704,0.12783860073736408,0.33791682723715444,0.7136026043820818,0.3639626499428214,0.4821959196333788,-0.04290268126745792,-0.103910574186997
3,14,446,6.102558594613569,1673617,-0.05011095574746598,0.05435848571632348,0.32367960551977476,0.2849255057923679,0.5812078676047955,0.4366667664345361,0.40511282617903854,0.35380528141344797,-0.14803875986599224,-0.07315341363348633,0.12783860073736408,-0.18204804230399704,0.3379168272371547,0.7136026043820818,0.363962649942821,0.4821959196333788
3,15,462,6.137727054086234,1673617,-0.1104931926233379,-0.07212198897880472,-0.05011095574746598,0.05435848571632348,0.32367960551977476,0.2849255057923679,0.5812078676047955,0.4366667664345361,0.11062656126953052,-0.17313012189251256,-0.07315341363348633,-0.14803875986599224,0.1278386007373644,-0.18204804230399704,0.33791682723715444,0.7136026043820818
3,16,409,6.016157159698354,1673617,-0.05576181856560982,-0.178952485757171,-0.1104931926233379,-0.07212198897880472,-0.05011095574746598,0.05435848571632348,0.32367960551977476,0.2849255057923679,-0.48197816708107577,-0.29323815891487004,-0.17313012189251256,0.11062656126953052,-0.07315341363348604,-0.14803875986599224,0.12783860073736408,-0.18204804230399704
3,17,344,5.84354441703136,1673617,-0.3706024460825648,-0.06850636794181579,-0.05576181856560982,-0.178952485757171,-0.1104931926233379,-0.07212198897880472,-0.05011095574746598,0.05435848571632348,-0.5083628709330646,-0.239430374946125,-0.29323815891487004,-0.48197816708107577,-0.17313012189251228,0.11062656126953052,-0.07315341363348633,-0.14803875986599224
3,18,292,5.680172609017068,1673617,0.2208451608227278,0.16129843096432314,-0.3706024460825648,-0.06850636794181579,-0.05576181856560982,-0.178952485757171,-0.1104931926233379,-0.07212198897880472,0.2720499131757656,0.3643970974627478,-0.239430374946125,-0.5083628709330646,-0.29323815891486976,-0.48197816708107577,-0.17313012189251256,0.11062656126953052
3,19,202,5.313205979041787,1673617,0.633652578152807,0.4211280428089082,0.2208451608227278,0.16129843096432314,-0.3706024460825648,-0.06850636794181579,-0.05576181856560982,-0.178952485757171,1.3295042501455427,0.7238203738177247,0.3643970974627478,0.2720499131757656,-0.2394303749461247,-0.5083628709330646,-0.29323815891487004,-0.48197816708107577
3,20,185,5.225746673713202,1673617,0.4088863894511904,0.4029027798920333,0.633652578152807,0.4211280428089082,0.2208451608227278,0.16129843096432314,-0.3706024460825648,-0.06850636794181579,0.5699069581318659,0.6459873926608605,0.7238203738177247,1.3295042501455427,0.3643970974627481,0.2720499131757656,-0.239430374946125,-0.5083628709330646
3,21,155,5.049856007249537,1673617,0.1661693720721031,0.3595869136453147,0.4088863894511904,0.4029027798920333,0.633652578152807,0.4211280428089082,0.2208451608227278,0.16129843096432314,0.03855096970517317,0.3919167555849419,0.6459873926608605,0.5699069581318659,0.723820373817725,1.3295042501455427,0.3643970974627478,0.2720499131757656
3,22,101,4.624972813284271,1673617,0.5037049794126511,0.0374904969302724,0.1661693720721031,0.3595869136453147,0.4088863894511904,0.4029027798920333,0.633652578152807,0.4211280428089082,0.5672923389177869,0.08792516067572638,0.3919167555849419,0.03855096970517317,0.6459873926608608,0.5699069581318659,0.7238203738177247,1.3295042501455427
3,23,97,4.584967478670572,1673617,-0.5574028606939365,0.13720678125704386,0.5037049794126511,0.0374904969302724,0.1661693720721031,0.3595869136453147,0.4088863894511904,0.4029027798920333,-0.3420678265957806,0.407224751356354,0.08792516067572638,0.5672923389177869,0.39191675558494216,0.03855096970517317,0.6459873926608605,0.5699069581318659
3,24,93,4.543294782270004,1673617,0.4653182250524175,0.1847750171273521,-0.5574028606939365,0.13720678125704386,0.5037049794126511,0.0374904969302724,0.1661693720721031,0.3595869136453147,0.996449741747056,0.4452243521629889,0.407224751356354,-0.3420678265957806,0.08792516067572669,0.5672923389177869,0.3919167555849419,0.03855096970517317
3,25,91,4.5217885770490405,1673617,0.6464096870235758,0.4360593896003837,0.4653182250524175,0.1847750171273521,-0.5574028606939365,0.13720678125704386,0.5037049794126511,0.0374904969302724,0.6812911413376916,0.6331418155124503,0.4452243521629889,0.996449741747056,0.4072247513563543,-0.3420678265957806,0.08792516067572638,0.5672923389177869
3,26,85,4.454347296253507,1673617,0.1964502567251585,0.20571801482192956,0.6464096870235758,0.4360593896003837,0.4653182250524175,0.1847750171273521,-0.5574028606939365,0.13720678125704386,0.22168456345260343,0.27436905046760934,0.6331418155124503,0.6812911413376916,0.4452243521629892,0.996449741747056,0.407224751356354,-0.3420678265957806
3,27,81,4.406719247264253,1673617,-0.2257058992829449,0.39930246630408534,0.1964502567251585,0.20571801482192956,0.6464096870235758,0.4360593896003837,0.4653182250524175,0.1847750171273521,-0.07986855338746657,1.2457481499824885,0.27436905046760934,0.22168456345260343,0.6331418155124505,0.6812911413376916,0.4452243521629889,0.996449741747056
3,28,101,4.624972813284271,1673617,1.2271630414700432,0.865930354674167,-0.2257058992829449,0.39930246630408534,0.1964502567251585,0.20571801482192956,0.6464096870235758,0.4360593896003837,3.595428439882329,1.6423594376071389,1.2457481499824885,-0.07986855338746657,0.2743690504676097,0.22168456345260343,0.6331418155124503,0.6812911413376916
3,29,103,4.6443908991413725,1673617,1.5963339218354036,1.4052709284504568,1.2271630414700432,0.865930354674167,-0.2257058992829449,0.39930246630408534,0.1964502567251585,0.20571801482192956,1.4115184263265537,1.899871134364538,1.6423594376071389,3.595428439882329,1.2457481499824887,-0.07986855338746657,0.27436905046760934,0.22168456345260343
3,30,127,4.852030263919617,1673617,1.3923158220459242,1.289080495702059,1.5963339218354036,1.4052709284504568,1.2271630414700432,0.865930354674167,-0.2257058992829449,0.39930246630408534,0.6926665368847316,0.7857626671812109,1.899871134364538,1.4115184263265537,1.6423594376071389,3.595428439882329,1.2457481499824885,-0.07986855338746657
3,31,132,4.890349128221754,1673617,0.87859174322485,1.0772473614408284,1.3923158220459242,1.289080495702059,1.5963339218354036,1.4052709284504568,1.2271630414700432,0.865930354674167,0.2531030383323479,0.40600079603619105,0.7857626671812109,0.6926665368847316,1.8998711343645385,1.4115184263265537,1.6423594376071389,3.595428439882329
3,32,138,4.9344739331306915,1673617,0.9608345190517118,0.7759592137276904,0.87859174322485,1.0772473614408284,1.3923158220459242,1.289080495702059,1.5963339218354036,1.4052709284504568,0.2722328128914939,0.3813557973016917,0.40600079603619105,0.2531030383323479,0.7857626671812112,0.6926665368847316,1.899871134364538,1.4115184263265537
3,33,176,5.176149732573829,1673617,0.4884513789065094,0.6863483787389443,0.9608345190517118,0.7759592137276904,0.87859174322485,1.0772473614408284,1.3923158220459242,1.289080495702059,0.6187315406812336,0.2644791918971187,0.3813557973016917,0.2722328128914939,0.4060007960361913,0.2531030383323479,0.7857626671812109,0.6926665368847316
3,34,204,5.3230099791384085,1673617,0.6097592382586118,0.5540868004408841,0.4884513789065094,0.6863483787389443,0.9608345190517118,0.7759592137276904,0.87859174322485,1.0772473614408284,-0.0975267778813712,0.10348233444868413,0.2644791918971187,0.6187315406812336,0.38135579730169206,0.2722328128914939,0.40600079603619105,0.2531030383323479
3,35,241,5.488937726156687,1673617,0.5640497841575315,0.41836762746231954,0.6097592382586118,0.5540868004408841,0.4884513789065094,0.6863483787389443,0.9608345190517118,0.7759592137276904,-0.21075775945380984,-0.40946007382267346,0.10348233444868413,-0.0975267778813712,0.264479191897119,0.6187315406812336,0.3813557973016917,0.2722328128914939
3,36,207,5.337538079701318,1673617,0.08129385997081566,0.4432715506104173,0.5640497841575315,0.41836762746231954,0.6097592382586118,0.5540868004408841,0.4884513789065094,0.6863483787389443,-0.9200956841328392,-0.3639898999788242,-0.40946007382267346,-0.21075775945380984,0.10348233444868442,-0.0975267778813712,0.2644791918971187,0.6187315406812336
3,37,250,5.5254529391317835,1673617,0.6844710077029051,0.44061526828407627,0.08129385997081566,0.4432715506104173,0.5640497841575315,0.41836762746231954,0.6097592382586118,0.5540868004408841,0.03888374365017676,-0.4384519348396685,-0.3639898999788242,-0.9200956841328392,-0.4094600738226732,-0.21075775945380984,0.10348233444868413,-0.0975267778813712
3,38,302,5.713732805509369,1673617,0.5560809371785084,0.8961071823412231,0.6844710077029051,0.44061526828407627,0.08129385997081566,0.4432715506104173,0.5640497841575315,0.41836762746231954,-0.4341438640363428,-0.17010570834976638,-0.4384519348396685,0.03888374365017676,-0.36398989997882386,-0.9200956841328392,-0.40946007382267346,-0.21075775945380984
3,39,344,5.84354441703136,1673617,1.4477696021422564,0.8215718867702181,0.5560809371785084,0.8961071823412231,0.6844710077029051,0.44061526828407627,0.08129385997081566,0.4432715506104173,-0.11505700466313284,-0.45392338368589497,-0.17010570834976638,-0.4341438640363428,-0.4384519348396682,0.03888374365017676,-0.3639898999788242,-0.9200956841328392
3,40,317,5.762051382780177,1673617,0.4608651209898901,-0.01090521919144456,1.4477696021422564,0.8215718867702181,0.5560809371785084,0.8961071823412231,0.6844710077029051,0.44061526828407627,-0.812569282358209,-0.8930658831421194,-0.45392338368589497,-0.11505700466313284,-0.1701057083497661,-0.4341438640363428,-0.4384519348396685,0.03888374365017676
3,41,242,5.493061443340548,1673617,-1.9413503807064796,-1.903760857309222,0.4608651209898901,0.4433221829127125,1.4477696021422564,1.289080495702059,0.5560809371785084,0.5019062457217924,-1.7515713624050164,-1.544923274941125,-0.08385622673371078,-0.812569282358209,-0.08137989987913115,-0.11505700466313284,0.363962649942821,-0.4341438640363428
4,1,83,4.430816798843313,1286773,-2.3743536003205477,-2.207138163172361,-1.7463579928427089,-1.6896338657626206,-0.8933684346907946,-0.7244206204484155,-0.35578436050528883,-0.2835077422850636,-1.8692864738519437,-0.6175869472843608,0.33791682723715444,0.8945986281183514,-1.544923274941125,-0.9950862356180138,-0.11795950577366776,0.03075749684689373
4,2,103,4.6443908991413725,1286773,-1.5080135299732151,-2.0561337599556264,-2.3743536003205477,-1.876241707712157,-0.8571480232844246,-1.374956686098589,-0.23629957014602704,-0.48307731797858017,1.2011825165656962,-0.8820602959404334,0.07549822361070131,-1.8692864738519437,-1.0041371564453163,-0.14803875986599224,0.642800656977396,0.9560238981506328
4,3,91,4.5217885770490405,1286773,-2.286034149573116,-2.0201341917345155,-1.5080135299732151,-2.056133759955626,-2.3743536003205477,-1.5798383845260624,-0.8571480232844246,-1.155933731250333,-1.9780769305350527,-0.9627202526709572,-0.8820602959404334,1.2011825165656962,-0.27204757238408,-1.8692864738519437,0.00945266674445011,0.9416205759346612
4,4,93,4.543294782270004,1286773,-2.2663548956572144,-2.241120919993816,-2.286034149573116,-2.020134191734515,-1.5080135299732151,-2.0561337599556264,-2.3743536003205477,-1.5798383845260624,-2.111266344043515,-2.049195926785115,-0.9627202526709572,-1.9780769305350527,-0.8820602959404334,1.2011825165656962,0.0911722062161379,-1.8692864738519437
4,5,100,4.61512051684126,1286773,-2.1709737147511174,-1.8321058619893804,-2.2663548956572144,-2.241120919993816,-2.286034149573116,-2.0201341917345155,-1.5080135299732151,-2.0561337599556264,-2.058244505776777,-0.6175869472843608,-2.049195926785115,-2.111266344043515,-0.9627202526709572,-1.9780769305350527,-0.8820602959404334,1.2011825165656962
4,6,83,4.430816798843313,1286773,-1.0589889755598092,-1.1438547889351802,-2.1709737147511174,-1.8321058619893804,-2.2663548956572144,-2.241120919993816,-2.286034149573116,-2.0201341917345155,2.3167500079672094,0.13065068423442425,-0.6175869472843608,-2.058244505776777,-2.049195926785115,-2.111266344043515,-0.9627202526709572,-1.9780769305350527
4,7,113,4.736198448394496,1286773,-0.2016016764946137,-0.6040958982812094,-1.0589889755598092,-1.1438547889351802,-2.1709737147511174,-1.8321058619893804,-2.2663548956572144,-2.241120919993816,0.13344655051284002,0.6774759739203109,0.13065068423442425,2.3167500079672094,-0.6175869472843608,-2.058244505776777,-2.049195926785115,-2.111266344043515
4,8,101,4.624972813284271,1286773,-0.551697042789205,-0.2708511968323936,-0.2016016764946137,-0.6040958982812094,-1.0589889755598092,-1.1438547889351802,-2.1709737147511174,-1.8321058619893804,-0.4177686367191171,-0.05858443661113691,0.6774759739203109,0.13344655051284002,0.13065068423442425,2.3167500079672094,-0.6175869472843608,-2.058244505776777
4,9,111,4.718498871295094,1286773,-0.0592548712133621,-0.06084704615216459,-0.551697042789205,-0.2708511968323936,-0.2016016764946137,-0.6040958982812094,-1.0589889755598092,-1.1438547889351802,0.10856877637286612,-0.08385622673371078,-0.05858443661113691,-0.4177686367191171,0.6774759739203109,0.13344655051284002,0.13065068423442425,2.3167500079672094
4,10,95,4.564348191467836,1286773,0.42841077554607343,0.4670264309659465,-0.0592548712133621,-0.06084704615216459,-0.551697042789205,-0.2708511968323936,-0.2016016764946137,-0.6040958982812094,0.05763118014511842,0.2438104881649901,-0.08385622673371078,0.10856877637286612,-0.05858443661113691,-0.4177686367191171,0.6774759739203109,0.13344655051284002
4,11,144,4.976733742420574,1286773,1.0319233885651284,0.7338418269436007,0.42841077554607343,0.4670264309659465,-0.0592548712133621,-0.06084704615216459,-0.551697042789205,-0.2708511968323936,0.5652315079769855,0.4210286423861198,0.2438104881649901,0.05763118014511842,-0.08385622673371078,0.10856877637286612,-0.05858443661113691,-0.4177686367191171
4,12,225,5.420534999272286,1286773,0.7411913167196006,0.7854807161997153,1.0319233885651284,0.7338418269436007,0.42841077554607343,0.4670264309659465,-0.0592548712133621,-0.06084704615216459,0.6402232390362552,0.4497644375420918,0.4210286423861198,0.5652315079769855,0.2438104881649901,0.05763118014511842,-0.08385622673371078,0.10856877637286612
4,13,355,5.87493073085203,1286773,0.5833274433144174,0.5385028447204093,0.7411913167196006,0.7854807161997153,1.0319233885651284,0.7338418269436007,0.42841077554607343,0.4670264309659465,0.1438385656130343,0.24349261026338875,0.4497644375420918,0.6402232390362552,0.4210286423861198,0.5652315079769855,0.2438104881649901,0.05763118014511842
4,14,472,6.159095388491933,1286773,0.29098977412721044,0.3683876723958563,0.5833274433144174,0.5385028447204093,0.7411913167196006,0.7854807161997153,1.0319233885651284,0.7338418269436007,-0.05358397385912359,0.06214437763684918,0.24349261026338875,0.1438385656130343,0.4497644375420918,0.6402232390362552,0.4210286423861198,0.5652315079769855
4,15,406,6.008813185442595,1286773,0.2308457997459417,0.18975905919525207,0.29098977412721044,0.3683876723958563,0.5833274433144174,0.5385028447204093,0.7411913167196006,0.7854807161997153,0.09617854115663645,-0.10613105421095707,0.06214437763684918,-0.05358397385912359,0.24349261026338875,0.1438385656130343,0.4497644375420918,0.6402232390362552
4,16,388,5.963579343618446,1286773,0.0474416037126049,0.10573126811236412,0.2308457997459417,0.18975905919525207,0.29098977412721044,0.3683876723958563,0.5833274433144174,0.5385028447204093,-0.3609877299303844,-0.17319194233691915,-0.10613105421095707,0.09617854115663645,0.06214437763684918,-0.05358397385912359,0.24349261026338875,0.1438385656130343
4,17,385,5.955837369464831,1286773,0.03890640087854652,0.21885356913931367,0.0474416037126049,0.10573126811236412,0.2308457997459417,0.18975905919525207,0.29098977412721044,0.3683876723958563,-0.25476663823700985,0.03939249383298512,-0.17319194233691915,-0.3609877299303844,-0.10613105421095707,0.09617854115663645,0.06214437763684918,-0.05358397385912359
4,18,265,5.583496308781699,1286773,0.5702127028267904,0.5745526552520772,0.03890640087854652,0.21885356913931367,0.0474416037126049,0.10573126811236412,0.2308457997459417,0.18975905919525207,0.7339318496663493,0.533664961593139,0.03939249383298512,-0.25476663823700985,-0.17319194233691915,-0.3609877299303844,-0.10613105421095707,0.09617854115663645
4,19,261,5.568344503761097,1286773,1.1145388620508954,0.7591802205915004,0.5702127028267904,0.5745526552520772,0.03890640087854652,0.21885356913931367,0.0474416037126049,0.10573126811236412,1.1218296733500772,0.7947330365533173,0.533664961593139,0.7339318496663493,0.03939249383298512,-0.25476663823700985,-0.17319194233691915,-0.3609877299303844
4,20,171,5.147494476813453,1286773,0.5927890968968161,0.7863556920079414,1.1145388620508954,0.7591802205915004,0.5702127028267904,0.5745526552520772,0.03890640087854652,0.21885356913931367,0.5284375866435249,0.5650300478267053,0.7947330365533173,1.1218296733500772,0.533664961593139,0.7339318496663493,0.03939249383298512,-0.25476663823700985
4,21,130,4.875197323201151,1286773,0.6517391170761136,0.7252882123673032,0.5927890968968161,0.7863556920079414,1.1145388620508954,0.7591802205915004,0.5702127028267904,0.5745526552520772,0.04482288348651295,0.47563548398560984,0.5650300478267053,0.5284375866435249,0.7947330365533173,1.1218296733500772,0.533664961593139,0.7339318496663493
4,22,77,4.356708826689592,1286773,0.9313364231289808,0.3983579884258785,0.6517391170761136,0.7252882123673032,0.5927890968968161,0.7863556920079414,1.1145388620508954,0.7591802205915004,0.8536459818267909,0.16480380362340197,0.47563548398560984,0.04482288348651295,0.5650300478267053,0.5284375866435249,0.7947330365533173,1.1218296733500772
4,23,103,4.6443908991413725,1286773,-0.38800157492745807,0.39906022423075266,0.9313364231289808,0.3983579884258785,0.6517391170761136,0.7252882123673032,0.5927890968968161,0.7863556920079414,-0.4040574544430987,0.39265730800722903,0.16480380362340197,0.8536459818267909,0.47563548398560984,0.04482288348651295,0.5650300478267053,0.5284375866435249
4,24,72,4.290459441148391,1286773,0.6538458244907362,0.2535198456407146,-0.38800157492745807,0.39906022423075266,0.9313364231289808,0.3983579884258785,0.6517391170761136,0.7252882123673032,0.7283833966379942,0.27587834943150846,0.39265730800722903,-0.4040574544430987,0.16480380362340197,0.8536459818267909,0.47563548398560984,0.04482288348651295
4,25,70,4.2626798770413155,1286773,0.4947152873588666,0.46416182168461306,0.6538458244907362,0.2535198456407146,-0.38800157492745807,0.39906022423075266,0.9313364231289808,0.3983579884258785,0.5033091060996292,0.4757063304528122,0.27587834943150846,0.7283833966379942,0.39265730800722903,-0.4040574544430987,0.16480380362340197,0.8536459818267909
4,26,59,4.0943445622221,1286773,0.24392435320423733,0.09495587308611536,0.4947152873588666,0.46416182168461306,0.6538458244907362,0.2535198456407146,-0.38800157492745807,0.39906022423075266,0.19542648862081236,0.10270296205705572,0.4757063304528122,0.5033091060996292,0.27587834943150846,0.7283833966379942,0.39265730800722903,-0.4040574544430987
4,27,74,4.31748811353631,1286773,-0.4537720213047569,0.23601086699451437,0.24392435320423733,0.09495587308611536,0.4947152873588666,0.46416182168461306,0.6538458244907362,0.2535198456407146,-0.39062670854927495,0.38514480773127097,0.10270296205705572,0.19542648862081236,0.4757063304528122,0.5033091060996292,0.27587834943150846,0.7283833966379942
4,28,95,4.564348191467836,1286773,0.9178802690840636,0.3677690026991056,-0.4537720213047569,0.23601086699451437,0.24392435320423733,0.09495587308611536,0.4947152873588666,0.46416182168461306,1.3506346431222749,0.8064881663671288,0.38514480773127097,-0.39062670854927495,0.10270296205705572,0.19542648862081236,0.4757063304528122,0.5033091060996292
4,29,102,4.634728988229636,1286773,0.6391987603180107,0.69526818492474,0.9178802690840636,0.3677690026991056,-0.4537720213047569,0.23601086699451437,0.24392435320423733,0.09495587308611536,1.459456564528386,1.207143578109802,0.8064881663671288,1.3506346431222749,0.38514480773127097,-0.39062670854927495,0.10270296205705572,0.19542648862081236
4,30,122,4.812184355372417,1286773,0.5287255253721466,0.6030838770736341,0.6391987603180107,0.69526818492474,0.9178802690840636,0.3677690026991056,-0.4537720213047569,0.23601086699451437,0.8113395266787444,0.877359937257672,1.207143578109802,1.459456564528386,0.8064881663671288,1.3506346431222749,0.38514480773127097,-0.39062670854927495
4,31,154,5.043425116919247,1286773,0.641327345530746,0.6432728386350491,0.5287255253721466,0.6030838770736341,0.6391987603180107,0.69526818492474,0.9178802690840636,0.3677690026991056,0.36128372056588487,0.5110169697026633,0.877359937257672,0.8113395266787444,1.207143578109802,1.459456564528386,0.8064881663671288,1.3506346431222749
4,32,128,4.859812404361672,1286773,0.7597656450022557,0.5019062457217924,0.641327345530746,0.6432728386350491,0.5287255253721466,0.6030838770736341,0.6391987603180107,0.69526818492474,0.36042766186336006,0.35066336420491573,0.5110169697026633,0.36128372056588487,0.877359937257672,0.8113395266787444,1.207143578109802,1.459456564528386
4,33,169,5.135798437050262,1286773,0.1046257466323764,0.3698635282421621,0.7597656450022557,0.5019062457217924,0.641327345530746,0.6432728386350491,0.5287255253721466,0.6030838770736341,0.3302787101855016,0.2583797941412916,0.35066336420491573,0.36042766186336006,0.5110169697026633,0.36128372056588487,0.877359937257672,0.8113395266787444
4,34,231,5.44673737166631,1286773,0.24519919309185512,0.250433083593738,0.1046257466323764,0.3698635282421621,0.7597656450022557,0.5019062457217924,0.641327345530746,0.6432728386350491,0.08443301037501252,0.04665838180677265,0.2583797941412916,0.3302787101855016,0.35066336420491573,0.36042766186336006,0.5110169697026633,0.36128372056588487
4,35,183,5.214935757608986,1286773,0.4014743110569834,0.09696304788118294,0.24519919309185512,0.250433083593738,0.1046257466323764,0.3698635282421621,0.7597656450022557,0.5019062457217924,-0.27473657514019684,-0.4680700901450156,0.04665838180677265,0.08443301037501252,0.2583797941412916,0.3302787101855016,0.35066336420491573,0.36042766186336006
4,36,175,5.170483995038151,1286773,-0.35578436050528883,0.19758547367369275,0.4014743110569834,0.09696304788118294,0.24519919309185512,0.250433083593738,0.1046257466323764,0.3698635282421621,-1.2139067056698631,-0.4567357047077434,-0.4680700901450156,-0.27473657514019684,0.04665838180677265,0.08443301037501252,0.2583797941412916,0.3302787101855016
4,37,193,5.267858159063328,1286773,0.5470664704693845,0.18008367843378814,-0.35578436050528883,0.19758547367369275,0.4014743110569834,0.09696304788118294,0.24519919309185512,0.250433083593738,0.11843616668682908,-0.34093812579936605,-0.4567357047077434,-1.2139067056698631,-0.4680700901450156,-0.27473657514019684,0.04665838180677265,0.08443301037501252
4,38,262,5.572154032177765,1286773,0.34896892533726953,0.6880181951548224,0.5470664704693845,0.18008367843378814,-0.35578436050528883,0.19758547367369275,0.4014743110569834,0.09696304788118294,0.072656161584935125,-0.08137989987913115,-0.34093812579936605,0.11843616668682908,-0.4567357047077434,-1.2139067056698631,-0.4680700901450156,-0.27473657514019684
4,39,296,5.6937321388027,1286773,1.168019189657814,0.7337142158101035,0.34896892533726953,0.6880181951548224,0.5470664704693845,0.18008367843378814,-0.35578436050528883,0.19758547367369275,-0.4352320279091583,-0.4829231434527976,-0.08137989987913115,0.072656161584935125,-0.34093812579936605,0.11843616668682908,-0.4567357047077434,-1.2139067056698631
4,40,278,5.631211781821365,1286773,0.684154532435228,-0.03517998282278034,1.168019189657814,0.7337142158101035,0.34896892533726953,0.6880181951548224,0.5470664704693845,0.18008367843378814,-1.0861935640341702,-1.178158446837968,-0.4829231434527976,-0.4352320279091583,-0.08137989987913115,0.072656161584935125,-0.34093812579936605,0.11843616668682908
4,41,225,5.420534999272286,1286773,-1.957713670561382,-2.0526705533821423,0.684154532435228,0.9393248792029164,1.168019189657814,0.865930354674167,0.34896892533726953,0.6863483787389443,-2.0130497485705763,-1.544923274941125,-0.16954347679906068,-1.0861935640341702,-0.5554100669614915,-0.4352320279091583,0.3813557973016917,0.072656161584935125
